tweet_no	text	q1_label	q2_label	q3_label	q4_label	q5_label	q6_label	q7_label
1	#ุนุงุฌู #ุฎุงุฏู_ุงูุญุฑููู_ุงูุดุฑูููู ูุตุฏุฑ ุฃูุฑู ุจููุน ุงูุชุฌูู ููุญุฏ ูู ุงูุชุดุงุฑ #ููุฑูุณ_ููุฑููุง ุงูุฌุฏูุฏ ุงุจุชุฏุงุกู ูู ุงูุณุงุนุฉ ุงูู 7 ูุณุงุกู ูุญุชู ุงูุณุงุนุฉ ุงูู 6 ุตุจุงุญูุง ููุฏุฉ ( 21 ) ููููุง ูู ูุณุงุก ููู ุงูุฃุซููู 28 ุฑุฌุจ 1441ููุ ุงูููุงูู 23 ูุงุฑุณ 2020ู. #ูุงุณ URL	yes	no	yes	no	no	no	no
2	ุจุนุฏ ูู ุงูุฅุฌุฑุงุกุงุช ุงูุงุญุชุฑุงุฒูุฉ ุงูุชู ุชููู ุจูุง #ุงูููููุฉ ููุญุฏ ูู ุงูุชุดุงุฑ #ููุฑููุง . . . ูู ุชุคูุฏ ูุฑุถ #ุญุธุฑ_ุชุฌูู ูู #ุงูุณุนูุฏูุฉ ูู ุงูุณุงุนุฉ (ูงู) ุฅูู ุงูุณุงุนุฉ (ูงุต) ุงุจุชุฏุงุก ูู ููู ุบุฏู ุงูุงุญุฏ . . - ูุนู ุฃููููุฏ ( #ุฑูุชููุช ) ุ ูููุงุฐุง ุ - ูุง ุฃููููุฏ ( #ุฅุนุฌุงุจ ) ุ ูููุงุฐุง ุ . .  #ุงูุง_ูุน_ุญุธุฑ_ุงูุชุฌูู_ุงูุงุฌุจุงุฑู URL	no	nan	nan	nan	nan	no	no
3	ุชุตููุช ๐ด .  . ูู ุชุนุชูุฏ ุฃู ( ุญุธุฑ ุงูุชุฌูู ) ุงูุฐู ุชูุทุจูู ุจุนุถ ุงูุฏูู ูููุน ุงูุชุดุงุฑ ููุฑูุณ ููุฑููุง .. ูููุงุฐุง ุ. .  . ูุนู = ุฑุชููุช  . ูุง = ููุถูุฉ	no	nan	nan	nan	nan	no	no
4	ูุง ูู ุฏู ุฏุนูุงุชูุง	no	nan	nan	nan	nan	no	no
5	#ุงูุตุญุฉ ุชุนูู ุนู ุชุณุฌูู (ูกูกูฉ) ุญุงูุฉ ุฅุตุงุจุฉ ุฌุฏูุฏุฉ ุจููุฑูุณ #ููุฑููุง ุงูุฌุฏูุฏ (ููููุฏูกูฉ). URL	yes	no	yes	no	no	no	no
6	#ูููุง_ูุณุคูู | ูุฑูู ุนูู ูุณูุณู ูุฎุฑุฌ 7 ููุฏู ูุณุคูููุชู ุชุฌุงู ุงูููุงูุฉ ูู ููุฑูุณ #ููุฑููุง ุงูุฌุฏูุฏ ุจุทุฑููุชู ุงูุฎุงุตุฉ. #ุงูุชูุงุตู_ุงูุญูููู URL	no	nan	nan	nan	nan	no	no
7	#ุงูุตุญุฉ ุชุนูู ุนู ุชุณุฌูู (ูขููฅ) ุญุงูุฉ ุฅุตุงุจุฉ ุฌุฏูุฏุฉ ุจููุฑูุณ #ููุฑููุง ุงูุฌุฏูุฏ(ููููุฏูกูฉ) ูุฃูู ุญุงูุฉ ููุงุฉ ููููู ูู ุงููุฏููุฉ ุงููููุฑุฉ. URL	yes	no	yes	no	no	no	no
8	ุงูุง ูุทุจูุจ ูู ุงูุตููู ุงูุงููู ููุญุงุฑุจุฉ ููุฑููุง  ูุญุฑูู ูู ุฑุคูุฉ ุงูู ูุงุจู ูุงุทูุงูู.                       ุงูุชู   ูู ุณูุญุฏุฏ ูุชู ุงุฑุงูู  ูุฐูู ุงุชููู ุงู ุชูุฒู ููุฒูู ูู ุงุฑุงูู ูู ุงูุฑุจ ูุฑุตู ูููู ูุง ุชุทูู ุงูุฏ ูุฐู ุงูุงุฒูู ุจุฌููุณู ูู ุจูุชู	no	nan	nan	nan	nan	no	no
9	ูุตูุฑูุง ูุงุญุฏ ุฃูุณ ูุงูููู ูุบุฏูุง ูุงูุทุฑููุฉ ุงููุซูู ูููุงุฌูุฉ ููุฑููุง ุงูุฐู ููุณ ูู ุนูุงุฌ ุญุชู ุงูุขู ูู ุงูุชุจุงุนุฏ ุงูุฅุฌุชูุงุนู ูุงูุญูุฏููู ุฃู ููุง ูุงุฏุฉ ุชุตุฑููุง ุจุญููุฉ ูุฃุนููุง ูู ูููุฉ ุงูุฅูุณุงู ูุฏููู ูู ูุฐู ุงูุฃุฒูุฉ ุจุดูู ูุงู ุจุดุฏุฉ ุญุชู ุงูุฏูู ุงููุชูุฏูุฉ.. ูููู ุงููู ูุญูุธู ูุง ุจูู ุฅูุง ุชููููู ุนููููุง ุงูุนูุฑุฉ ูุจููู!..	yes	nan	yes	no	no	yes	yes
10	ุตุญููุฉ newsweek ุงูุฃูุฑูููุฉ:ูู ุชุนุฑู ูู ุงูุฐู ุงูุชุฑุญ ุงููุธุงูุฉ ุงูุดุฎุตูุฉ ูุงูุญุฌุฑ ุงูุตุญู ุฃุซูุงุก ุงููุจุงุกุุฅูู ูุญูุฏ ูุจู ุงูุฅุณูุงู ูุจู 1400 ุนุงู. ูู ููู ุฃุจุฏุง ุฎุจูุฑูุง ูู ูุณุงุฆู ุงูุฃูุฑุงุถ ุงููุชุงูุฉ ุฅูุง ุฃู ูุญูุฏ ูุงู ูุฏูู ูุตูุญุฉ ุฑุงุฆุนุฉ ูููุน ูููุงูุญุฉ ุชุทูุฑ ูุจุงุก ูุซู ููุฑูุณ ููุฑููุง ููุฑุงุกุฉ ุงูููุงู URL	yes	no	yes	no	yes	no	no
11	58 ูู ุงู70 ุญุงูุฉ ุงููุนููุฉ ูุจู ูููู ููุฎุงูุทูู ุญุถุฑูุง ููุงุณุจุงุช ุงุฌุชูุงุนูุฉ ูููุงุกุงุช ุนุงุฆููุฉ.. ูุงุฌูุงุนุฉ ุงูุฎูุฑ ุงูุนุฏูุง ูู ุจููุชูู ูุงุชููุง ุงููู ูู ุฃููุณูู ููู ุฃุณุฑูู ูุฃุญุจุงุจูู ูุฃุตุฏูุงุฆูู ููุฌุชูุนูู .. ูุจุฏู ูู ุฃู ูุฑุงุฑ ุญุธุฑ ุงูุชุฌูู ุงูุฅูุฒุงูู ูู ุงูุญู	yes	yes	yes	no	yes	no	no
12	ุฃุบููุฉ ุงูููุงููุฉ ุงูุฅูุทุงููุฉ โุจููุง ุชุดุงูโ ูู ุฒูู ููุฑููุง ูู ุงุญุฏ ุดุฑูุงุช ุฅูุทุงููุง ๐ฎ๐นโค๏ธ  URL	yes	no	yes	no	no	no	no
13	โุชุตุฑูู ุฎุงุฑุฌ ููุฒูู ูุน ุฃู ุดุฎุต ุนูู ุฃูู ูุตุงุจ.  ูุชุตุฑูู ูุน ูู ุงูุฃุดุฎุงุต ุฏุงุฎู ููุฒูู ุนูู ุฃูู ุฃูุช ุงููุตุงุจ".   ูุฐู ุฑุณุงูุชู ููู ุฃุจูุงุฆู ูุฒููุงุฆู ูู ูุฒุงุฑุฉ ุงูุชุนููู ููุชุนุงูู ูุน ููุฑูุณ #ููุฑููุง  ูู ูุทุงุน ุงูุชุนููู #ูููุง_ูุณุคูู URL	no	nan	nan	nan	nan	no	no
14	#ุงูุตุญุฉ ุชุนูู ุนู ุชุณุฌูู (ูคูจ) ุญุงูุฉ ุฅุตุงุจุฉ ุฌุฏูุฏุฉ ุจููุฑูุณ #ููุฑููุง ุงูุฌุฏูุฏ (ููููุฏูกูฉ) ูุงูุชุงูู: - ูู ุจูู ุงูุญุงูุงุช ุงูุฌุฏูุฏุฉ ุญุงูุงุช ุงุฑุชุจุทุช ุจุงูุณูุฑ ุ ู (ูฅ) ุญุงูุงุช ูููุงุฑุณูู ุตุญููู ูุฅุฏุงุฑููู ูู ููุดุฃุฉ ุตุญูุฉ ุฎุงุตุฉ ุจุงูุฑูุงุถุ ููู ุจุฏูู ุฃุนุฑุงุถ ุตุญูุฉุ ูุชู ุฅุฌุฑุงุก ุงูุนุฒูุ ูุฅุบูุงู ุงูููุดุฃุฉ ุงุญุชุฑุงุฒูุงู.	yes	no	yes	no	no	no	no
15	#ุฎุงุฏู_ุงูุญุฑููู_ุงูุดุฑูููู ูุตุฏุฑ ุฃูุฑู ุจููุน ุงูุชุฌูู ููุญุฏ ูู ุงูุชุดุงุฑ #ููุฑูุณ_ููุฑููุง ุงูุฌุฏูุฏ ุงุจุชุฏุงุกู ูู ุงูุณุงุนุฉ ุงูู 7 ูุณุงุกู ูุญุชู ุงูุณุงุนุฉ ุงูู 6 ุตุจุงุญูุง ููุฏุฉ ( 21 ) ููููุง ูู ูุณุงุก ููู ุงูุฃุซููู 28 ุฑุฌุจ 1441ููุ ุงูููุงูู 23 ูุงุฑุณ 2020ู. URL #ูุงุณ_ุนุงู URL	yes	no	yes	no	no	no	no
16	#ููุฑููุง_ุงูุฌุฏูุฏ   ุฃุญุจุชู...  ูุฑุฑุช ุฃู ุฃุชุฑู ุชููุชุฑ ูุจุนุถ ุงูููุชุ ููู ูุฌุฏุช ุฃูู ูู ุงูุฃูุงูุฉ ุฃู ุฃุทูุนูู ุนูู ุงูุตูุฑุฉ ุงูุญููููุฉ ูู ููุงู ุงูุญุฏุซ!  ุงูููุทูุฉ ุงูุชู ุฃุนูู ุจูุง ูู ุฃูุจุฑ ููุทูุฉ ููููุจุฉ ูู ูุฑูุณุง Grand Est  ูุณุชุดูู ููููุงุฑ  ูู ุฃูุจุฑ ูุณุชุดูู ูุณุชูุจู ูุญุงูุงุช ููุฑููุง  ุชุญูู ุงููุณุชุดูู ุจุงููุงูู ุฅูู ููุทูุฉ ุนุฒู! URL	yes	no	yes	yes	yes	yes	yes
17	ุฃูุงูู #ุทูุฌุฉ ูู ุงูุดูุงู ุงููุบุฑุจู ูุฑุชููู ุฃุณุทุญ ุจููุชูู ูุฌุฃุฑูู ุฅูู ุงููู ุจุงูุชูุจูุฑ ูุงูุชูููู ูุงูุฏุนุงุก ุนุณู ุงููู ุฃู ูุฑูุน ุงููุจุงุก ููุฒูู ุงูุบูุฉ   #ููุฑููุง  #ุงููุบุฑุจ URL	yes	no	nan	no	no	no	no
18	ุฎุงุฏู ุงูุญุฑููู ุงูุดุฑูููู ูุตุฏุฑ ุฃูุฑู ุจููุน ุงูุชุฌูู ููุญุฏ ูู ุงูุชุดุงุฑ ููุฑูุณ ููุฑููุง ุงูุฌุฏูุฏ ุงุจุชุฏุงุกู ูู ุงูุณุงุนุฉ ุงูุณุงุจุนุฉ ูุณุงุกู ูุญุชู ุงูุณุงุนุฉ ุงูุณุงุฏุณุฉ ุตุจุงุญุงู ููุฏุฉ 21 ูููุงู ูู ูุณุงุก ููู ุงูุงุซููู 28 ุฑุฌุจ 23 ูุงุฑุณ. URL	yes	no	yes	no	no	no	no
19	ุชู ุงูููู ุจุญูุฏ ุงููู ุดูุงุก 9 ุญุงูุงุช ูู ุงููุตุงุจูู ุจููุฑูุณ ููุฑููุง ุงููุณุชุฌุฏุ ููุตุจุญ ุนุฏุฏ ุงููุชุนุงููู 39 ุญุงูุฉ. ูุชุจ ุงููู ุงูุดูุงุก ุงูุนุงุฌู ููุจููุฉ ูุญูู ุงูุฌููุน ูู ูู ุดุฑ.	yes	no	yes	no	no	no	no
20	#ุงูุตุญุฉ ุชุนูู ุนู ุชุณุฌูู(ูงู)ุญุงูุฉ ุฅุตุงุจุฉ ุฌุฏูุฏุฉ ุจููุฑูุณ #ููุฑููุง ุงูุฌุฏูุฏ(ููููุฏ ูกูฉ) ูุงูุชุงูู: - ุชุณุฌูู(ูกูก)ุญุงูุฉ ูุงุฏูุฉ ูู ูู ูู ุงููุบุฑุจุ ุงูููุฏุ ุงูุฃุฑุฏูุ ุงูููุจููุ ุจุฑูุทุงููุงุ ุงูุฅูุงุฑุงุชุ ุณููุณุฑุงุ ููุฏ ุชู ุนุฒููุง ูุจุงุดุฑุฉ ูู ุงููุทุงุฑ ุฅูู ุงูุถูุงูุฉ ูู ุงูุนุฒู ุงูุตุญูุ ุงูุฐู ุฃุซุจุช ูุงุนููุชู ูู ุงูุชุตุฏู ูููู ุงูุนุฏูู ุฏุงุฎูููุง.	yes	no	yes	no	no	no	no
21	ุงูุฅูุงุฑุงุช ุฃุนููุช ููุฐ ูููู ุนู ุญุงูุชู ููุงุฉ ุจููุฑูุณ #ููุฑููุง ุจุนุฏ ุงูุฅุนูุงู ุบุฑุฏ ูุฒูุฑ ุงูุตุญุฉ ุงููููุชู ุฏ.ุจุงุณู ุงูุตุจุงุญ ุจู (ุฃุณุชุญูููู ุจุงููู ุงูุจูุงุก ูู ููุงุฒููู) ุซู ุบุฑุฏ ูุฒูุฑ ุงูุตุญุฉ ุงูุณุนูุฏู ุชูููู ุงูุฑุจูุนุฉ ุจู (ูุงูุ ุณุงูู ูู ุฃูู ุจูุฏูุง ุงูุตุญู ุจุงูุฌููุณ ูู ุจูุชู) - ูุง ุฃุธููุง ุฑุณุงุฆู ุชูุนููุฉ ุฑูุชูููุฉ -	yes	no	yes	no	no	no	no
22	ูุฑูุฒ ุงูููู ุนุจุฏุงููู ุงูุนุงููู ููุงุจุญุงุซ ุงูุทุจูุฉ ูู ุงูุญุฑุณ ุงููุทูู ุงูุฐู ูููููงูุนุงูู ุงุจุญุงุซ ูููููฅู ุนุงูู ุณุนูุฏู ููุญูููู ุงูุฏูุชูุฑุงู ูู ุทูุฑ ุชุฌุงุฑุจ ููุงุญ ุถุฏ ููุฑููุง ุงูุฌุฏูุฏ ุจุงูุงุณุชูุงุฏู ูู ููุงุญ ููุฑููุง ุงูุณุงุจู ูุงุซุจุช ูุฌุงุญู ุนูู ุงูุญููุงูุงุช ููู ุถูู ุงูุชุฌุงุฑุจ ุนูู ุงูุงุจู ูุงุซุจุช ููุฉ ุงูููุงุนู ุถุฏ ุงูููุฑูุณ ููู ุทูุฑ ุงูุชุฌุงุฑุจ URL	yes	yes	yes	yes	yes	yes	yes
23	ูุฌูุฉ ูุธุฑ ุฃุชุญูู ูุณุฆูููุชูุง ุฃุซุจุช #ููุฑููุง ุฎุทุฃ ุชุฎุตูุต ูุทุงุนู (ุงูุชุนููู ูุงูุตุญุฉ) ุนูู ูุฌู ุงูุฎุตูุต ุฃุชููู ูู ุงูุฏููุฉ ุฅุจูุงุก ูุฐูู ุงููุทุงุนูู ุชุญุช ูุณุฆูููุชูุง ุงููุจุงุดุฑุฉ ุชุตูุฑูุง ูู ุฃู  ุนููููุงูุตุญุชูุง  ุชุญุช ุฑุญูุฉ ุงููุทุงุน ุงูุฎุงุต ูุงุฐุง ุณุชููู ุญุงููุง ุ ููุญู ูุฑู ุงูุบุฑุจ ูุชูุงูู ุฃูุงููุงุ	no	nan	nan	nan	nan	no	no
24	ูุณุงุฆูู ุฃุฎุจุงุฑ ุฌูููุฉ ุนู #ููุฑููุง 40 ุซุงููุฉ ููุท ูู ุตุงุญุจ ูุจุงุฏุฑุฉ ุชุฌููุน ุงูุนููุงุก ูุฅูุฌุงุฏ ุนูุงุฌ ุถุฏ #ูุฑููุง ูุนูููุง ุนูู ุงูููุงุก ูุจุงุดุฑุฉ ุฃู ูุฑูู ูุงูู ูู ุถูููู ุทุจูุจ ูุฑูุณู ุงุณูู โุฑุงููุชโ ุงูุชุดููุง ุฃู ุฏูุงุก ุงูููุงุฑูุง ูู ุงูุฐู ูุนุงูุฌ #ููุฑููุง_ุงูุฌุฏูุฏ ุจูุณุจุฉ 100% ูุชู ุชุฌุฑุจุชู ุนูู 40 ูุฑูุถ #ุชุฑุฌูุงุช_ุนุจุฏุงููู_ุงูุฎุฑููู URL	yes	yes	yes	yes	yes	yes	yes
25	ูู ูุณุฌูู ุงูุชุงุฑูุฎ ุฃูู ุญุงุชู ุงูุทุงุฆู ุฅุฐุง ุฃููุช ููููุฉ ูุณุท ุฃุฒูุฉ #ููุฑููุง...  ุชุนููู ุงูุนูุฑุฉ ุฅููุงู ุงูุฌูุนุฉ ูุงูุฌูุงุนุฉ ูู ุงููุณุงุฌุฏ ุชุฃุฌูู ุฌูุณุงุช ูุฌูุณ ุงููุฒุฑุงุก ุฃุณุจูุนูู  ุฅุบูุงู ุงูุฃุฌูุงุก ูุงูููุงูุฐ ูุงูุฑุญูุงุช ุงูุฏุงุฎููุฉ.  ูู ุฃูุช ุฃูุงู ูู ูุฐุง ูุชูุณุฑ ูููุฏ ุงูุชุญุฐูุฑุงุช ูุชุฎุฑุฌุ ูู ูุนุฑูู ุงูุนุงูู ุจูุฑูู ูุนุงุฏุงุชูุ ุจู ุจุฃุฐุงู.	yes	no	yes	no	no	no	no
26	ุจูุชูุฑุฉ ุงูุฅุณุชูุชุงุฑ ูู ุงูุจุนุถ - ุญุชู ููู ูุงููุง ูููุฉ- ูุฏ ูุตุงุจ ูุง ูุฏูุฑ ุงููู ุงูุขูุงู ูู ููุช ูุงุญุฏ.. ููู ุงููุนููู ุฃูู ูู ุญุงูุงุช ููุฑููุง ุงููุชูุฏูุฉ ูุญุชุงุฌ ุงูุดุฎุต ุงูู ุฌูุงุฒ ุชููุณ ูุนูุงูุฉ ูุฑูุฒุฉ .. ููู ูููู ูุฃู ุฏููุฉ ุฃู ุชููุฑ ุฐูู ูู ููุช ูุงุญุฏ .. ุณููุง ุฃู ุบุฑู ุงูุนูุงูุฉ ูุญุชุงุฌููุง ูุซุฑ ูุฃูุฑุงุถ ุฎุทูุฑุฉ ูุชุนุฏุฏุฉ.. ุงูุนุฏูุง!	yes	no	yes	no	yes	no	no
27	ุงูุญูุฏ ููู ุงูุฐู ุจูุนูุชู ุชุชู ุงูุตุงูุญุงุช.  ุชู ุจุญูุฏ ุงููู ุงูููู ุดูุงุก 5 ุญุงูุงุช ูู ุงููุตุงุจูู ุจููุฑูุณ ููุฑููุง ุงููุณุชุฌุฏุ ููุจูุบ ุนุฏุฏ ุงูุฐูู ุชู ุดูุงุคูู 27 ุญุงูุฉ. ูุฑุฌู ุงููู ุงูุดูุงุก ูููุฑุถู ูุงูุณูุงูุฉ ููุฌููุน.	yes	no	yes	no	no	no	no
28	ุจุดุฑู..  ูููู ุงูุญูุฏ ูุงูููุฉ ูุฑูุฒ ุงูููู ุนุจุฏุงููู ุงูุนุงููู ููุฃุจุญุงุซ ุงูุทุจูุฉ  ุชูุตู ุฅูู ููุงุญ ุฎุงุต ุจููุฑูุณ #ููุฑููุง_ุงูุฌุฏูุฏ  ูุงููุชุงุฆุฌ ุฅูุฌุงุจูุฉ ุจูุถู ูู ุงููู ูุญุฏู..  ููุฑูุจุง ุณูุนูู ุนููโฆ URL	yes	yes	yes	nan	yes	yes	yes
29	ูู ูููุงุช ุงูุนุงูู ูุดุบููุฉ ุจููุฑููุง ูุชุณุชุถูู ุงููุฎุชุตูู ุนูู ูุฏุงุฑ ุงูููู ููุญุฏูุซ ุนูู ูุนู ููููุฉ ููุงุฌูุชู ุฅูุง ุงูุฌุฒูุฑุฉ ูุดุบููุฉ ุจุงูุณุนูุฏูุฉ ูููุงุฏุชูุง ูุชุณุชุถูู ุณุนุฏ ุงููููู ูููููุง ููุญุฏูุซ ุนู ุฐูู .. ุงููุถุญู ุฃููู ููุงูุดูู ุงูุตุนูุจุงุช ุงูุฅูุชุตุงุฏูุฉ ุงูุชู ุณุชูุงุฌููุง ุงูุณุนูุฏูุฉ ุฌุฑุงุก ููุฑููุง ููุฃู ุงูุนุงูู ุจุฃุณุฑู ูุง ููุงุฌู ุฐูู๐คฎ	yes	no	yes	yes	yes	no	yes
30	ุนุงุฌู..  .  ุงูุตุญุฉ:  ูุฏ ููุฌุฃ ุฅูู ุญุธุฑ ุงูุชุฌูู ูู ุญุงู ุฑุตุฏ ุชูุงูู ูู ุงูุงุฌุฑุงุกุงุช.  .  #ุงูููููุฉ #ููุฑููุง  .	no	nan	nan	nan	nan	no	no
31	ุงูุฃุฐุงู ููุฑูุน ูู ูุณุฌุฏ ุงูุจููุงุฒููุ ูู ูุฏููุฉ #ุบุฑูุงุทุฉ ุงูุฃูุฏูุณูุฉุ ููู ุงูุฃุญุฏุ ูุฃูู ูุฑุฉ ููุฐ ุณููุท ุงููุฏููุฉุ ุขุฎุฑ ููุงูู ุงูุฃูุฏูุณุ ูุจู 528 ุนุงูุงู (ูู 2 ูุงููู ุงูุซุงูู/ููุงูุฑ 1492)ุ ูุญุธูุฑ ุงูุฃุฐุงู ูููุง. ุจุนุถ ุงููุณูููู ูู ุนุฏุฏ ูู ุงูุฃุญูุงุก ุฑูุนูุง ุงูุฃุฐุงู ูู ุดุฑูุงุช ููุงุฒูููุ ููุงู ูููุงู ูุดููุฏุง. #ููุฑููุง URL	yes	no	yes	no	yes	no	no
32	ูููุจ ุงูุฃุฑุถ ุจุณุจุจ ูุงูุฑูุณ ููุฑููุง ุงูุงู ูู ูู ููุฉ ุงููุดุงุท ู ุงูุณุนุงุฏุฉุ ุญูุซ ููุญุธ ุงูุญุณุงุฑ ูุจูุฑ ูู ูุณุจุฉ ุงูุบุงุฒุงุช ุงููููุซุฉ ูุงูุบุงุฒุงุช ุงููุณุจุจุฉ ููุงุญุชุจุงุณ ุงูุญุฑุงุฑู ูู ุฃุบูุจ ุฏูู ุงูุนุงูู ูุชูุฌุฉ ุชุฃุซูุฑุงุช ุงูุชุดุงุฑ ุงูููุฑูุณ ุนูู ุงูุฃุนูุงู ูุญุฑูุฉ ุงูุณูุฑ ูุงูุชูููุ ู ุงู ูุณุจุฉ ุบุงุฒ ุฃูู ุฃูุณูุฏ ุงููุฑุจูู ูุฏ ุงูุฎูุถุช ุจูุณุจุฉ 50% โค๐ URL	yes	yes	yes	yes	yes	yes	yes
33	#Important  #Coronavirus ุทุจูุจุงู ูุตุฑูุงู ูุนููุงู ูู ุฅูุฌูุชุฑุง ูุดุงุฑููู ุฎุจุฑุชูู ูุน ุฒููุงุฆูู ูู #ูุตุฑ  ูููุญุงู ุนูู ุฃูููุฉ ุฃู ุชููู ูุตุฑ ูุณุชุนุฏุฉ ููุชุนุงูู ูุน ูุตุงุจูู ุงูููุฑูุณ #ููู URL	yes	no	yes	no	no	no	no
34	ุทูุจ ูุฐู ุฏุนูุงุชูู	no	nan	nan	nan	nan	no	no
35	ุชู ุจุญูุฏ ุงููู ุงูููู ุดูุงุก ูฃุญุงูุงุช ูู ุงููุตุงุจูู ุจููุฑูุณ ููุฑููุง ุงููุณุชุฌุฏ. ููุจูุบ ุนุฏุฏ ุงูุฐูู ุชู ุดูุงุคูู ูฃู ุญุงูุฉ.  ุงูููู ุชูู ุนูู ุฌููุน ุงููุฑุถู ุจุนุงุฌู ุงูุดูุงุก.	yes	no	yes	no	no	no	no
36	ุนุงุฌู..  .  ูุฒุงุฑุฉ ุงูุฏุงุฎููุฉ:  ูู ูุฎุงูู ุฃูุฑ ููุน ุงูุชุฌูู ูุนุงูุจ ุจุบุฑุงูุฉ 10 ุขูุงู ุฑูุงู ูุชุถุงุนู ูู ุญุงู ุงูุชูุฑุงุฑ ูุฅู ุนุงุฏ ุงููุฎุงูู ุฅูู ุงุฑุชูุงุจ ุงููุฎุงููุฉ ููุนุงูุจ ุจุงูุณุฌู ููุฏุฉ ูุง ุชุฒูุฏ ุนูู 20 ูููุงู.  . #ููุฑููุง #ุงูุณุนูุฏูุฉ #ููุน_ุงูุชุฌูู	yes	no	yes	no	no	no	no
37	#ุงูุตุญุฉ ุชุนูู ุนู ุชุณุฌูู (ูฅูก) ุญุงูุฉ ุฅุตุงุจุฉ ุฌุฏูุฏุฉ ุจููุฑูุณ #ููุฑููุง ุงูุฌุฏูุฏ(ููููุฏูกูฉ). URL	yes	no	yes	no	no	no	no
38	ุดูุฑ ุฎุงุต ู ุงูููููุฉ ุงูุนุฑุจูุฉ ุงูุณุนูุฏูุฉ๐ธ๐ฆ ุงูุชู ูููุช ุฅูุฏุงุฏุงุช  USERID ุงูุญูููุฉ ุงูุฎุงุตุฉ ุจ #COVID19 ุฌูุงู ุฅูู #ุงูููู. ุชุดูู ุงูุดุญูุฉ ูุนุฏุงุช ุงูุญูุงูุฉ ุงูุดุฎุตูุฉ ููุนุงูููู ุงูุตุญููู ูุงุฎุชุจุงุฑุงุช ุงููุญุต ุงููุฎุชุจุฑู ูู ุนุฏู ูุตูุนุงุก ูุฃูุถุง ุฃุฏููุฉ ุงูุตุฏูุฉ ููุณุชูุฒูุงุช ูุฏุนู ุงูุงุณุชุฌุงุจุฉ ุงููุณุชูุฑุฉ ููุฃุฒูุฉ #ุงูุตุญุฉ_ููุฌููุน_ูุจุงูุฌููุน URL	yes	no	yes	no	yes	no	no
39	ุจุนุฏ ูู ุงูุฅุฌุฑุงุกุงุช ุงูุงุญุชุฑุงุฒูุฉ ุงูุชู ุชููู ุจูุง ุญูููุฉ #ุงูููููุฉ ููุญุฏ ูู ุงูุชุดุงุฑ #ููุฑููุง . . . ูู ุชุคูุฏ ูุฑุถ #ุญุธุฑ_ุชุฌูู ูู #ุงูุณุนูุฏูุฉ ูู ุงูุณุงุนุฉ (ูงู) ุฅูู ุงูุณุงุนุฉ (ูงุต) ุงุจุชุฏุงุก ูู ููู ุบุฏู ุงูุณุจุช ุจุณุจุจ #ููุฑููุง_ุงูุณุนูุฏูุฉ. . . - ูุนู ุฃููููุฏ ( #ุฑูุชููุช ) ุ ูููุงุฐุง ุ - ูุง ุฃููููุฏ ( #ุฅุนุฌุงุจ ) ุ ูููุงุฐุง ุ . . URL	no	nan	nan	nan	nan	no	no
40	ุนุงุฌู:  . ุชุนููู ุฌููุน ุฑุญูุงุช ุงูุทูุฑุงู ุงูุฏุงุฎูู ุจุงูุณุนูุฏูุฉ ูุงูุญุงููุงุช ูุณูุงุฑุงุช ุงูุฃุฌุฑุฉ ูุงููุทุงุฑุงุช ููุฏุฉ 14 ูููุงู ุงุจุชุฏุงุกู ูู ุงูุณุงุนุฉ ุงูุณุงุฏุณุฉ ุตุจุงุญุงู ูู ููู ุบุฏู ุงูุณุจุช. . #ุงูุณุนูุฏูุฉ #ุงูููููุฉ #ููุฑููุง	yes	no	yes	no	no	no	no
41	ุจุทุงูู ุณุนูุฏู ูุงูู ูู ุงูุฏุฎูู ูู ุงูุจุงุจ ุงูู ุงูุฎุฑูุฌ ููู . ุงูุณุนูุฏูุฉ ุณูู ุชุนูู ุนู ููุงุญ ูุงูุฑูุณ #ููุฑููุง #Covid_19 ูุฑูุจ ุฌุฏุงู ุจุนุฏ ุนุฏุช ุชุฌุงุฑุจ ูุชูููุช ุจุงููุฌุงุญ.  ุงูุญูุฏููู ููุง ููุจุบู ูุฌูุงู ูุฌูู ูุนุธูู ุณูุทุงูู URL	yes	yes	yes	yes	yes	yes	yes
42	#ููุฏูู ๐ด .  . ุงูุฅุนูุงูู ุงูุณุนูุฏู โุฃุญูุฏ ุงููุงูููโ ููุฌู ุฑุณุงูุฉ ุดุฏูุฏุฉ ุงูููุฌุฉ ุฅูู #ุงูุจููู: ุจุงูู ุฃูุชู ููู ูุจุงุฏุฑุงุชูู ูููุทู ูุงูููุงุทูุุ ูุคูุฏุงู โุฅุฐุง ูุงู ุงููุงู ุฃูุจุฑ ุงูุชูุงูุงุชูู ููู ููุณู ูู ุงูููุงุทููู ุฎุฐูุงููู". . . #ุงูุจููู_ุชุฃุฌู_ุงูุฃูุณุงุท #ูุจุงุฏุฑุฉ_ุงูุจููู #ุชุฌุงุฑ_ุงูุธุฑูู #ุชู_ุชุงูุฑูู_ุฃูุฑ #ููุฑููุง  . URL	yes	no	yes	no	no	no	no
43	ุงุฐุง ุชุนุฑู ูู #ุฌุฏุฉ ุฑุจ ุฃุณุฑุฉ ุนุงุทู ุนู ุงูุนูู ููุญุชุงุฌ ุฃู ุชููู ุนููู ุจุณุจุจ ุฌุงุฆุญุฉ #ููุฑููุง ุฃู ุฃุณุฑุฉ ุจูุง ุนุงุฆู ููุง ููุฌุฏ ูุฏููุง ุฏุฎู ุ ุณุนูุฏููู ุฃู ูููููู ุ ุฃูุฑููู ูุชูุถู ุนูู ุจุจูุงูุงุชูู ุนูู ุงูุฎุงุต ุ ูุฃุณุฃู ุงููู ุงู ููุชุจ ูุง ููู ุงูุฎูุฑ ูุงูุณุฏุงุฏ ููุฎูุต ุงูููุงูุง ููุฌูู ุงููุฑูู  #ุชูููู_ุงูุนุฏูุง_ูู_ุจููุชูู #ููู_ุงูุฌูุนุฉ URL	no	nan	nan	nan	nan	no	no
44	ููููุฏ ูกูฉ ุจุฑู ูุงูุณ	no	nan	nan	nan	nan	yes	yes
45	ููุฏูู ูุนุจุฑ ๐ด .  . #ุดุงููุฏ โุฑุฌู ุฃููโ ููุฌู ูุตูุญุฉ ูุงูุฉ ูุดุจุงู ุฎุฑุฌูุง ูู ุฑุญูุฉ ุจุฑูุฉ ูุชุฌุงูููู ุงูุชุญุฐูุฑุงุช ุงููุชูุฑุฑุฉ ุจุถุฑูุฑุฉ ุงูุฅูุชุฒุงู ุจุชุนูููุงุช ุงูุณูุงูุฉ ูุงูุจูุงุก ูู ุงูููุฒู. . . #ุชูููู_ุงูุนุฏูุง_ูู_ุจููุชูู #ุงูุณุนูุฏูุฉ #ูุงู #ูุงุฑููุง_ุงูุณุนูุฏูู #Covid_19 #COVID19 #ุญุธุฑ_ุชุฌูู_ุงุฌุจุงุฑู_ูููุฐูุง #ุงูุญุฌุฑ_ุงูููุฒูู  . . URL	yes	no	yes	no	no	no	no
46	ุนุงุฌู ๐จ  ุงูุตูู ุชุนูู ุฃู ูู ุงููุชุนุงููู ุงูุฐููุฑ ูู ูุงูุฑูุณ ููุฑููุง ุฃุตูุจูุง ุจุนุฌุฒ ุฌูุณู ูุงูู..! ููุฃุชู ุฐูู ุจุณุจุจ ุงุฑุชูุงุน ุฏุฑุฌุฉ ุงูุณุฎููุฉ ุงูุฐู ุฃุฏู ุฅูู ุชูู ุงูุฎุตูุจุฉ ูุฏู ุงูุฑุฌุงู. URL	yes	yes	yes	yes	yes	yes	yes
47	ุงูุญูุฏ ููู ุญูุฏุงู ูุซูุฑุง ูุจุงุฑูุง ููู.  ุชู ุจุญูุฏ ุงููู ุงูููู ุดูุงุก ูค ุญุงูุงุช ูู ุงููุตุงุจูู ุจููุฑูุณ ููุฑููุง ุงููุณุชุฌุฏ. ููุจูุบ ุนุฏุฏ ุงูุฐูู ุชู ุดูุงุคูู ูขูข ุญุงูุฉ.  ุงูููู ุชูู ุนูู ุฌููุน ุงููุฑุถู ุจุนุงุฌู ุงูุดูุงุก	yes	no	yes	no	no	no	no
48	ุนุงุฌู ๐ด  .  .  ูุชุญุฏุซ ูุฒุงุฑุฉ ุงูุตุญุฉ:  ุงููุชุฑุฉ ุงููุงุฏูุฉ ุณูู ุชุดูุฏ ุงุฑุชูุงุนุงู ูู ุงูุญุงูุงุช ุงููุตุงุจุฉ ุจููุฑูุณ ููุฑููุง ุนูู ูุณุชูู ุงูุนุงูู .. ููุฏ ููุฌุฃ ุฅูู ุญุธุฑ ุงูุชุฌูู ูู ุญุงู ุฑุตุฏ ุชูุงูู ูู ุงูุฅุฌุฑุงุกุงุช ุงูุงุญุชุฑุงุฒูุฉ. .  . #ุงูุณุนูุฏูู	yes	no	yes	no	no	no	no
49	ููุช ุจุชุฑุฌูุฉ ููุทุน ูู ุญุฏูุซ ุงูุนุงูู ุงูููู ุญูู ุนูุงุฌ #ููุฑููุงุ ุนุจุงุฑุฉ ุนู ุนูุงุฑ ุชู ุงุณุชุฎุฏุงูู ูุนูุงุฌ ูคู ูุตุงุจ ุจุงููุงูุฑูุณ ูู ูุฑูุณุง ููุงูุช ูุณุจุฉ ุดูุงุก ูกูููชุ ุฑุณุงุฆู ุงูุฃูู ุฌูููุฉ ูู ูุฐู ุงูุฃุฒูุฉ #ุชุฑุฌูุฉ_ูุจูุจ URL	yes	yes	yes	yes	yes	yes	yes
50	ุชุบุฑูุฏุฉ ููุฐูุฑู: ูุฃูู ูุฑุฉ ูู ุงูููููุฉ ุงูุนุฑุจูุฉ ุงูุณุนูุฏูุฉ ุงูุฃู ุณุงุนุฉ ูง:ููู ุงูููู ุงูุฃุซููู 28 ุฑุฌุจ 1441ูู ุงูููุงูู 23 ูุงุฑุณ 2020ู ุญุธุฑ ุฌุฒุฆู ููููุง ุณูุนุงู ูุทุงุนุฉ ุงูุณุจุจ: ูุงูุฑูุณ ููุฑููุง ููุญุฏ ูู ุฃูุชุดุงุฑู ูุณูุชุฌุงูุฒ ูู ูุฐุง ูุนุงู ุงููุฏุฉ: ูขูกูููุงู ุงูููู ุงุญูุธ ุฎุงุฏู ุงูุญุฑููู ุงูุดุฑููู ูููู ุนูุฏ ูููููุชูุง ุงูุญุจูุจุฉ ูุงุฑุจ	no	nan	nan	nan	nan	no	no
51	ุนูู ูุงุฐุง ุฃูุณู ุงูุดูุฎุ  ููุงุญุธุฉ: ููุงูู ูุจู ุฃุฒูุฉ #ููุฑููุง ! URL	no	nan	nan	nan	nan	no	no
52	ุงูุชูุชู ุงูุฅูุงู ุฅูู ุฌููุน ุงููุตูููู ููููู ููู: (ุงุณุชููุงุ ุงุนุชุฏููุง) ููู ูุฌุฏูู!. ููุงููุง ุจุตูุชู ุฎุงูุชู ุจุงู.. ุซููู ูุจูุฑ ููุตูุงุฉ ุจูุฏูู ุชุฑุฌูุงูุ ูุนูููู ุชููุถุงู ูู ุงูุฏูุน. #ุงููุณุฌุฏ_ุงููุจูู_ุงูุดุฑูู #ุงูุดูุฎ_ุฃุญูุฏ_ุทุงูุจ_ุญููุฏ #ููุฑููุง URL	no	nan	nan	nan	nan	no	no
53	๐ด๐ด๐ด๐ด๐ด๐ด๐ด๐ด๐ด๐ด ููุงููุฉ ูุจุงุก ููุฑููุง ุงููุณุชุฌุฏ ูุณุคูููุฉ ูุฌุชูุนูุฉ ูุดุชุฑูุฉ ุชุจุฏุฃ ุนูุฏ ุงููุณุคูู ูุชูุชูู ุนูุฏ ุงูููุงุทู ูุงูููููุ ููุง ูููุฉ ูุฃู ุฅุฌุฑุงุก ุฃู ูุงุฆุฏุฉ ุฅู ูู ููุงุจู ุจุงูุชุทุจูู ุงูุฌุฏู ูู ูุจู ุงูุฃุฎูุฉ ุงูููุงุทููู ูุงููููููู ุนูู ุงูุณูุงุก. ๐ด๐ด๐ด๐ด๐ด๐ด๐ด๐ด๐ด๐ด	no	nan	nan	nan	nan	no	no
54	ูู ุงูุฃุฒูุงุชุ ุชุธูุฑ ุญูููุฉ ุงููุฌุชูุนุงุช .. #COVIDใผ19 #Covid_19 #Corona #coronavirus URL	no	nan	nan	nan	nan	no	no
55	ููุฑูุณ ููุฑููุง ูู ููุฑูุณ ุตุญู .. ูููุฑูุณ ุงูุชุตุงุฏู .. ูููุฑูุณ ุณูุงุณู ุฃูุถุง ... ููููู ููุงูุฉ ุฏูู ุงูุนุงูู .. ูุฐุง ููุช ุงูุชูุญุฏ ูุงูุชุนุงูู ูุงูุชูุงุชู ููุญุงุฑุจุฉ ุฃูู ุนุฏู ููุจุดุฑูุฉ .. ุงูุฎูุงูุงุช ุฌููุนูุง ุชุตุบุฑ ุฃูุงู ูุฐุง ุงูุชุญุฏู ุงูุฌุฏูุฏ..ูุงูุนุงูู ูุณุชุทูุน ุงูุชุบูุจ ุจุดูู ุฃุณุฑุน ุนููู ุฅุฐุง ููู ุงูููู ูุน ุงูุถุนูู ูุงูุบูู ูุน ุงููููุฑ . URL	no	nan	nan	nan	nan	no	no
56	ูุง ุชุดูู ูู ุงูุทูุนุฉ   #ุฎููู_ูู_ุงูุจูุช ๐ก  #ุจุงูุชูููุฉ_ุชูุตู_ููุจูุช ๐ฑ  #ููุฑูุณ_ููุฑููุง URL	no	nan	nan	nan	nan	no	no
57	#ุฎุงุฏู_ุงูุญุฑููู_ุงูุดุฑูููู ูุตุฏุฑ ุฃูุฑู ุจููุน ุงูุชุฌูู ููุญุฏ ูู ุงูุชุดุงุฑ #ููุฑูุณ_ููุฑููุง ุงูุฌุฏูุฏ ุงุจุชุฏุงุกู ูู ุงูุณุงุนุฉ ุงูู 7 ูุณุงุกู ูุญุชู ุงูุณุงุนุฉ ุงูู 6 ุตุจุงุญูุง ููุฏุฉ ( 21 ) ููููุง ูู ูุณุงุก ููู ุงูุฃุซููู 28 ุฑุฌุจ 1441ููุ ุงูููุงูู 23 ูุงุฑุณ 2020ู. URL #ูุงุณ_ุนุงู URL	yes	no	yes	no	no	no	no
58	ูุจุฐูู ูุตุจุญ ุงูุนุฏุฏ ุงูุฅุฌูุงูู ูุญุงูุงุช ููุฑูุณ ููุฑููุง ุงูุฌุฏูุฏ ูู ุงูููููุฉ (ูฃูฉูข)ุ ุชุนุงูุช (ูจ) ุญุงูุงุช ุฅุถุงููุฉุ ููููู ุฅุฌูุงูู ุงูุญุงูุงุช ุงููุชุนุงููุฉ (ูกูฆ) ุญุงูุฉ ุจุญูุฏ ุงูููุ  ูุงูุญุงูุงุช ุงููุชุจููุฉ ูุนุฒููุฉ ุตุญููุง ูุชุชููู ุงูุนูุงูุฉ ุงูุทุจูุฉ ุงููุงุฒูุฉ.	yes	no	yes	no	no	no	no
59	ุงุณุชูุงุฏูุง ุฅูู ุฃูุฑ ุฎุงุฏู ุงูุญุฑููู ุงูุดุฑูููู - ุญูุธู ุงููู - ุงููุงุถู ุจููุน ุงูุชุฌูู ููุญุฏ ูู ุงูุชุดุงุฑ ููุฑูุณ ููุฑููุง ุงูุฌุฏูุฏ ููุฏุฉ 21 ูููุงุ ุชูุฏ ุงููุฒุงุฑุฉ ุฅูุถุงุญ ุงูุงุณุชุซูุงุกุงุช ุงููุชุนููุฉ ุจููุน ุงูุชุฌูู. URL	yes	no	yes	no	no	no	no
60	ุงูุชุฒุงููุง ุจุงูุชุนูููุงุช ุทุฑูููุง ุจุชูููู ุงููู ูุญูุงูุฉ ุจูุงุฏูุง ู ุงูููุง ูู ูุจุงุก ููุฑููุง  ููุณ ููุง ุนุฐุฑ ูุงููู ูุนุฑู ุฏูุฑู ู ูุณุฆูููุชู ุญูุธ ุงููู ุจูุงุฏูุง ู ุงุฏุงู ุนุฒูุง ๐ธ๐ฆ๐ธ๐ฆ๐ธ๐ฆ  #ูููุง_ูุณุคูู  #ุงูุณุนูุฏูุฉ URL	no	nan	nan	nan	nan	no	no
61	ูุงูุฑูุณ #ููุฑููุง ูุดู ุงููุซุงููุงุช ุงูุฒุงุฆูุฉ ูุฐุง ุงูููุทุน ูุฌุณุฏ ูู ูุนุงูู ุงูุนูุตุฑูุฉ ูุงูุชูููุฒ ููุฏูู ูุชูู ุงูููุธูุงุช ุงูุชู ุตุฏุนุช ุฑุคูุณูุง ุจุงูุฏูุงุน ุนู ุญููู ุงูุฅูุณุงู ุญุงููู ุงูุฃู ๐ ๐ ๐ (ุงูุญูุฏููู ุนูู ูุนูุฉ #ุงูุณุนูุฏูุฉ) URL	no	nan	nan	nan	nan	no	no
62	ุฑุณุงูุฉ ุฅูู ุงููุณุชูุชุฑูู ุจุงูุชุนูููุงุช ุงูุตุญูุฉ ุงููุชุนููุฉ ุจููุฑูุณ ููุฑููุง URL	no	nan	nan	nan	nan	no	no
63	ุงูุฌูุด ุงูุงูุทุงูู ูููู ุฌุซุซ ุถุญุงูุง ููุฑููุง ุจุฏูู ูุฏุงุน  URL	yes	no	nan	yes	yes	yes	yes
64	ุนุงุฌู..  .  ูุฒุงุฑุฉ ุงูุตุญุฉ:  ููููุง ูู ุงูุชูุงุตู ูุงููุฎุงูุทุฉ ุญุชู ุฏุงุฎู ููุงุฒููู .. ูุง ุชููุฏูุง ุฃุญุจุงุจูู.  .  #ููุฑููุง #ุงูุณุนูุฏูุฉ #ุงูููููุฉ #ุงูุตุญุฉ	yes	no	yes	yes	no	no	no
65	ุงูููู ุงุดููู ูุงุฑูุน ุนููู ูุงุดู ุงููุตุงุจูู ูู ุชุฑููุง ููู ูู ููุงู .. ูุงุฏุงุนู ูุฃู ุฃููู ุฃู ููู ุงู70 ูู 119 ูู ุฃุชุฑุงู ุชู ุงูุชุนุงูู ูุนูู ููุง ูุชุนุงูู ูุน ุงูุณุนูุฏููู ุจูู ุงูุชูุงู ูุฑุนุงูุฉ.. ููู ููุณ ุงูููุช ูู ุงูุถุฑูุฑู ุฃู ุฃููู ูุฃุนุชุฐุฑ ูุชุฎููู ุงูููุธ.. ุฃูุชู ููุงูุฉ ุญููุฑุฉ ูุฎุณูุณุฉ	no	nan	nan	nan	nan	no	no
66	ููุฏูู ๐ด .  . ุจูููุงุช ูู ููุจ ุตุงุฏู ..  ุดุงูุฏ ุฑุฌู ุฃูู ููุฌู ูุตูุญุฉ ุฃุจููุฉ ููุฌููุนุฉ ูู ุงูุดุจุงุจ ุฎุฑุฌูุง ูู ุฑุญูุฉ ุจุฑูุฉ ูุชุฌุงูููู ุงูุชุญุฐูุฑุงุช ุงููุชูุฑุฑุฉ. .  . ููุฑูุณ ููุฑููุง  . URL	yes	no	yes	no	no	no	no
67	ุดูุงุก 4 ุญุงูุงุช ูู ุงููุตุงุจูู ุจููุฑูุณ ููุฑููุง ุงููุณุชุฌุฏุ ููุตุจุญ ุนุฏุฏ ุงููุชุนุงููู 43 ุญุงูุฉ. ุญูู ุงููู ุงูุฌููุน ูู ูู ุดุฑ	yes	no	yes	no	no	no	no
68	ููุฑููุง ููุง ูุดูู ุงููู ุจูุญุตู ูู ุงุณููุฏุฑูู URL	no	nan	nan	nan	nan	no	no
69	ูุชุฑุฌู ุญุตุฑูุง | ูุฐู ูู ุฑุณุงูุฉ ุงูุทุงูู ุงูุทุจู ุง๏ปนุณุจุงูู ููู ุงูุนุงูู... ุงุจููุง ูู ููุงุฒููู!!  #ููุฑููุง #COVID19 URL	yes	no	yes	no	no	no	no
70	ุจุนุฏ ูุฑุงุฑ #ููุน_ุงูุชุฌูู ุจุณุจุจ #ููุฑููุง .. ุงูุณุนูุฏููู: โุณูุนุงู ูุทุงุนุฉ ุณูุฏู". . . ูุฑูุงูุ ูุดุงุฑูุฉ ุงูุฌููุน ุจุงูููุดู ุจูููุฉ #ุณูุนุง_ูุทุงุนู ูุน #ุฑูุชููุช ููุฃูููุฉ ููุดุงุฑู ุงูุฌููุน. . . . #ููุน_ุชุฌูู #ุญุธุฑ_ุฌุฒูู #ูุงู #ุงูุณุนูุฏูุฉ #ุญุธุฑ_ุงูุชุฌูู_ุจุงูุณุนูุฏูุฉ #ุงูุฑ_ูููู #ูุฒุงุฑุฉ_ุงูุฏุงุฎููุฉ #ุงูุฒู_ุจูุชู #ุญุธุฑ_ุงูุชุฌูุงู #ุญุธุฑ_ุชุฌูู  . URL	no	nan	nan	nan	nan	no	no
71	#ููุฑููุง ุญูุนุฏู ููุตูุฑ ุฌุฒุก ูู ุงูุชุงุฑูุฎ ุจุณ ุฃูู ุดูุก ุนูููุง ุฃููุงุฏูู ุฃู ุงูุณุนูุฏูุฉ ุจุงุนุช ูู ุดูุก ูุงุดุชุฑุชูุง  #ุญุธุฑ_ุงูุชุฌูู_ูู_ุงูุณุนูุฏูุฉ	no	nan	nan	nan	nan	no	no
72	ุนุงุฌู ๐ด . .  #ุฎุงุฏู_ุงูุญุฑููู_ุงูุดุฑูููู ูุตุฏุฑ ุฃูุฑู ุจููุน ุงูุชุฌูู ููุญุฏ ูู ุงูุชุดุงุฑ #ููุฑูุณ_ููุฑููุง ุงูุฌุฏูุฏ ุงุจุชุฏุงุกู ูู ุงูุณุงุนุฉ ุงูู 7 ูุณุงุกู ูุญุชู ุงูุณุงุนุฉ ุงูู 6 ุตุจุงุญูุง ููุฏุฉ ( 21 ) ููููุง ูู ูุณุงุก ููู ุงูุฃุซููู 28 ุฑุฌุจ 1441ููุ ุงูููุงูู 23 ูุงุฑุณ 2020ู.	yes	no	yes	no	no	no	no
73	#ุนุงุฌู ูุชุญุฏุซ ุงูุตุญุฉ: ุชุณุฌูู 48 ุฅุตุงุจุฉ ุฌุฏูุฏุฉ ุจููุฑูุณ ููุฑููุง ูุฅุฌูุงูู ุงูุญุงูุงุช ูุตู ุฅูู 392 ุญุงูุฉ. #ูุงุณ_ุนุงู	yes	no	yes	no	no	no	no
74	ุทุจูุจ ุชุฎุฏูุฑ ููุฏู ุนุจูุฑู ... ูุฏุฎู ุชุนุฏููุงุช ุนูู ุฌูุงุฒ ุงูุชููุณ ุงูุตูุงุนู ุจุญูุซ ูุฌุนูู ูููู ุจุนูู 9 ุงุฌูุฒุฉ ุชููุณ ุตูุงุนู ููุณุชูุนุจ 9 ูุฑุถู ... ุจูุง ูุถุงุนู ุงููุงููุงุช ุงููุณุชุดูู ูู ุงุณุชูุจุงู ุญุงูุงุช ููุฑูุณ #ููุฑููุง ุงูู 9 ุงุถุนุงู.    URL	yes	no	yes	no	yes	no	yes
75	ุนุงุฌู..  .  ูุฒุงุฑุฉ ุงูุตุญุฉ:  ุชุณุฌูู ูกูกูฉ ุญุงูุฉ ุฌุฏูุฏุฉ ุจููุฑูุณ ููุฑููุง.  .  #ุงูุณุนูุฏูุฉ #ููุฑููุง	yes	no	yes	no	no	no	no
76	ูุฏ ูุตูุจู ููุฑููุง ูุฃูุช ูุง ุชุนูู.. ูุฐุง ูููู #ุฎูู_ุจุงูุจูุช ูุงุญูู ููุณู ูู ุงูุนุฏูู. #ูููุง_ูุณุคูู URL	no	nan	nan	nan	nan	no	no
77	ุชุตููุช ..  ูู ุชุคูุฏ ูุฑุถ ุญุธุฑ ุงูุชุฌูู ููููุงูุฉ ูู ุงูุชุดุงุฑ ููุฑูุณ ููุฑููุง  ุ.  ูุนู : ุฑูุชููุช  ูุง : ููุถูุฉ	no	nan	nan	nan	nan	no	no
78	ููู : ุงููุฑู ูุง ุจูู ุงูููุงูุฉ ุงูุทุจูุฉ ุงูุงุตููุฉ ู ุบูุฑูุง ู ุทุฑููุฉ ูุจุณูุง ุงูุตุญูุญ   #ููุฑููุง URL	yes	no	yes	no	yes	no	no
79	ุนุงุฌู:  ุงูุขู.. ุงูุชูุงุก ูุชุฑุฉ #ููุน_ุงูุชุฌูู ูู ูููู ุงูุฃููุ ุจุงูุชุฒุงู ูุชุนุงูู ูุงูู ูู ุงูููุงุทู ูุงููููู. . #ุงูุณุนูุฏูุฉ #ููุฑููุง	yes	no	yes	no	no	no	no
80	ุณูุนุงู ูุทุงุนุฉ ูุซู ุจุงููู ุซู ุจูู.. ูุชุฌุงูุฒ ุฃุฒูุฉ #ููุฑููุง URL	no	nan	nan	nan	nan	no	no
81	ูุชุญุฏุซุฉ ุงูุชุนููู:  ุงุฎุชุจุงุฑุงุช ููุงูุฉ ุงูุนุงู ุงูุฏุฑุงุณู ูู ููุนุฏูุง ูู ุดูุฑ ุฑูุถุงู ุงููุจุงุฑู.(ูุงููุง)  #ุงูุชุนููู #ุงูุงุฎุชุจุงุฑุงุช #ููุฑููุง	yes	no	yes	no	yes	no	no
82	ุฃุชุงุจุน ุนู ูุซุจ ู ุนูู ูุฏุงุฑ ุงูุณุงุนุฉ ุฅุฌุฑุงุกุงุช ุงูุฏููุฉ ุงูุฅุญุชุฑุงุฒูุฉ ูููุงุฌูุฉ ุฅูุชุดุงุฑ ููุฑูุณ ููุฑููุง ... ูููุง ูุนุฏุชูู ุจุงูุฃูุณ ูุญู ูุณุชูุฑูู ูู ุฅุฌุฑุงุกุงุชูุง ุจูู ุฏูุฉ ูู ููุงูุญุฉ ูุฐุง ุงููุจุงุก ุญูุงุธุงู ุนูู ุตุญุฉ ู ุญูุงุฉ ูู ููุงุทู ูุตุฑู.ูก/ูข	yes	yes	yes	no	yes	yes	no
83	ูุชุฎูููู ูู ุฏู ูุงุณ ูุงุชุช ุ ูู ุฏู ูุงุณ ูุงู ูููุง ุญูุงุชูุง ููุงุณ ุจุชุญุจูุง ู ุฐูุฑูุงุชูุง ู ุญูุงุชูุง ูุงูุช ูุงุดูู ุชูุงู ูู ุซุงููู ู ุจุณุจุจ ุงุณุชูุชุงุฑูู ูุงุชูุง ุ ูู ูุถูููุง ูุฌูุงุนู ุฎููุง ุจุงูููุง ูู ููุณููุง ู ุฎููููุง ูู ุจูุชููุง ุงููุฏ ูุด ูุชุญุจูุง ุชุฎุณุฑูุง ุญูุงุชูู ุงู ุญุฏ ุจุชุญุจูู .	yes	no	nan	yes	no	yes	no
84	ูู ุฏุงุฎู ุฃุญุฏ ููุงุฏู ุงูุญุฌุฑ ุงูุตุญู ูู ุงูุฑูุงุถ ุงููุฌู #ุนุจุฏุงููู_ุนุทูู  ููุซูุฑ ูู ุงูุชูุงุตูู ููุฑุฑูุง ุจููุงุฑุชู ุงููุนููุฏุฉ  #ุงูุญุฌุฑ_ุงูููุฒูู  #ููุฑูุณ_ููุฑููุง  #ุฎููู_ูู_ุงูุจูุช URL	no	nan	nan	nan	nan	no	no
85	#ุฎุงุฏู_ุงูุญุฑููู_ุงูุดุฑูููู ูุตุฏุฑ ุฃูุฑู ุจููุน ุงูุชุฌูู ููุญุฏ ูู ุงูุชุดุงุฑ #ููุฑูุณ_ููุฑููุง ุงูุฌุฏูุฏ ุงุจุชุฏุงุกู ูู ุงูุณุงุนุฉ ุงูู 7 ูุณุงุกู ูุญุชู ุงูุณุงุนุฉ ุงูู 6 ุตุจุงุญูุง ููุฏุฉ ( 21 ) ููููุง ูู ูุณุงุก ููู ุงูุฃุซููู 28 ุฑุฌุจ 1441ููุ ุงูููุงูู 23 ูุงุฑุณ 2020ู. URL #ูุงุณ_ุนุงู URL	yes	no	yes	no	no	no	no
86	ุฃูุง ููุช ูุฐุง ุงูููุทุน ุงููุตูุฑ ููุฌ ุฅูู ูู ุฌูุงุฒุ ูุชุณูุนู ูู ุฃุฐูุ ููุนูู ูู ููุจ.. #ููุฑูุณ_ููุฑููุง URL	no	nan	nan	nan	nan	no	no
87	ุนุงุฌู ๐ด  .  . ูู ุฎุจุฑ ููุจุดุฑ ู ููุทูุฆู ูุณูุงู ุงูุนุงูู ..  ุงูููุณุง ุชุนูู ูุฌุงุญ ุชุฌุงุฑุจ ุฏูุงุฆูู ุชุฎูู ุนุฏูู ูุฃุนุฑุงุถ ููุฑูุณ ููุฑููุง ุจูุณุจุฉ 90% .  .  . ุงูููุณุง	yes	nan	yes	nan	yes	yes	yes
88	ุงูุณุคุงู ุงูุซุงูุซ ูู ูุณุงุจูุฉ #ุนูุงูู_Vs_ููุฑููุง1 ูุดุงุฑูุชู ูู ุงููุณุงุจูุฉ ุฏููู ูุนูู ุงูุซูุงูู .. ููุฏููุง ุชุนุฒูุฒ ุงูุชูุนูุฉ ุงูุตุญูุฉ ุนู ูุจุงุก ููุฑููุง [ูกูููุฑูุงู] ุฑุจูุงูููู ูู ูููุงูุตูุจ๐ต URLโฆ ุงุฌุจ ุนู ุงูุณุคุงู ุงููุฑูู ุฃุฏูุงู๐๐ป URL	no	nan	nan	nan	nan	no	no
89	ุณูุฐูุฑ ุงูุชุงุฑูุฎ ุฃููุงู ุงููุงุฏุฉ ุฎูุงู ุฃุฒูุฉ ููุฑูุณ ููุฑููุง ..  ููุฏ ุจุซุช ูููุงุช ุงูููู ุณููุงู ูู ูููุณ ุดุนุจู ุงูุซูุฉ ูุงูุทุฃูููุฉ .. ุนูุฏูุง ูุงู:  โุณูุจุฐู ุงูุบุงูู ูุงููููุณ ูููุญุงูุธุฉ ุนูู ุตุญุฉ ุงูุฅูุณุงู ูุณูุงูุชู โ.  ุจูููุง ุฑุฆูุณ ูุฒุฑุงุก ุจุฑูุทุงููุง ุฃุซุงุฑ ุงูุฑุนุจ ูุงูุฎูู ูู ูููุณ ุดุนุจู ..ุนูุฏูุง ูุงู:  โ ุงุณุชุนุฏูุง ููุฑุงู ุฃุญุจุงุฆูู โ. URL	no	nan	nan	nan	nan	no	no
90	ุณููุช ุนูู ูุงุญุฏ ูุจุนุฏูู ุดุฏูุช ุงูุฏู ุจุณุฑุนุฉ  ููุฑูุณ ููุฑููุง : URL	no	nan	nan	nan	nan	no	no
91	ุงูุญููุงูุงุช ุชุบุฒู ุงููุฏู ุจุนุฏ ุชุทุจูู ุฅุฌุฑุงุกุงุช ุญุธุฑ ุงูุชุฌูุงู ููููุงูุฉ ูู ููุฑูุณ ููุฑููุง ุญูู ุงูุนุงููุ ุตูุฑ ูู ุงูุทุงููุง ู ุงููุงุจุงู ู ุฌุฒูุฑุฉ ุณุฑุฏูููุง .. URL	yes	yes	nan	yes	yes	yes	yes
92	ุงูุชูุฑูุฑ ุงููููู ูููุฑูุณ #ููุฑููุง ุงูุฌุฏูุฏ ูุญูููุง ูุนุงููููุง. URL	no	nan	nan	nan	nan	no	no
93	ุนููููู ุงููุชูุฑุฏ ูู #ุงููุจุงุก_ุงูุนุงู ูู ูุทูู ุ ุงูู ุฃุฎุทุฑ ุนูู ุดุนุจูุง ูู #ููุฑููุง  USERID URL	no	nan	nan	nan	nan	no	no
94	ูู ูุฏููุฉ ููููุง ูู ุชุฑููุง ูุถุนุช ุงูููุงุฏ ุงูุบุฐุงุฆูุฉ ูู ุงูุดุงุฑุน ูุจุงููุงู ุงููุญุชุงุฌ ุงู ูุงุฎุฐ ูุง ูุฑูุฏ ุฏูู ุงู ูุฑุงู ุงุญุฏ ุงู ููุงุญูู ุงูุชุตููุฑ ุณููุฉ ุญุณูุฉ ูุง ุชุญุฑุฌ ุงููููุฑ ุฃู ุงููุญุชุงุฌ ู ูุชุฎูู ูุฑุงุกูุง ุงูุบูู ูุชุนูู ูููุฉ ุงูุชูุงูู ูู ุงููุฌุชูุนุงุช ููุฐุง ููุช ุงูุชูุงูู ูููุณ ุงูุฃูุงููุฉ #ููุฑูุณ_ููุฑููุง URL	yes	no	yes	no	yes	no	no
95	ุงูุณุคุงู ุงูุซุงูู ูู #ูุณุงุจูุฉ_ุนูุงูู_Vs_ููุฑููุง ูุดุงุฑูุชู ูู ุงููุณุงุจูุฉ ุฏููู ูุนูู ุงูุซูุงูู .. ููุฏููุง ุชุนุฒูุฒ ุงูุชูุนูุฉ ุงูุตุญูุฉ ุนู ูุจุงุก ููุฑููุง [ูกูููุฑูุงู] ุฑุจูุงูููู ูู ูููุง ูุตูุจ๐ต URLโฆ ุงุฌุจ ุนู ุงูุณุคุงู ุงููุฑูู ุฃุฏูุงู๐๐ป URL	no	nan	nan	nan	nan	no	no
96	#ูุฒุงุฑุฉ_ุงูุตุญุฉ ุชูุนูู ุชุณุฌูู 70 ุญุงูุฉ ุฅุตุงุจุฉ ุฌุฏูุฏุฉ ุจู #ููุฑูุณ_ููุฑููุง ุงููุณุชุฌุฏุ ูุชูููุจ ุจุงูุฌููุน ุงูุงูุชุฒุงู ุจุงูุฅุฑุดุงุฏุงุช ูุงูุชูุฌููุงุชุ ุญูุงุธุง ุนูู ุณูุงูุชูู ูุณูุงูุฉ ุงููุฌุชูุน. #ูุงุณ_ุนุงู URL	yes	no	yes	no	no	no	no
97	ุงูุตูู ุฃุฎูุช #ููุฑููุง ุนู ุงูุนุงูู ูุฃุณุงุจูุนุ ูุงุนุชููุช ููุจุฎุช ุงูุทุจูุจ ุงูุฐู ุญุฐุฑ ูู ุงููุงูุฑูุณ ูุงูุขู ุชุฑุณู ุฎุจุฑุงุกูุง ูููู ุชุฌุฑุจุฉ ุงููุถุงุก ุนูููุ ุงูุณูุนุฉ ุงูุชุตูุช ุจูุง ุฃููุง ูุตุฏุฑ ุงููุจุงุกุ ูู ูุงุดูุช ุงูุนุงูู ูู ุงูุจุฏุงูุฉ ุฃูุถู ูู ุฅุฑุณุงู ุฎุจุฑุงุก ูุชุฎููู ุนุฏุฏ ุงูููุชู. ูุง ุชุตูุญ ุงูุตูู ูุง ุฃูุณุฏู โููุฑููุงโ !	yes	yes	yes	yes	yes	yes	yes
98	#ูููุง_ุจุงูุจูุช_ูุงุฌู_ุงูุณุนูุฏูู ูุฌุจ ุฅุชุจุงุน ุชุนูููุงุช ูุฒุงุฑุฉ ุงูุตุญุฉ ููุซูุฉ ุจุญูููุชูุง ุงูุฑุดูุฏุฉ ูุงูููุถูุน ุฃุตุจุญ ูุดูู ุฎุทุฑ ูุจูุฑ ุนูู ูุฌุชูุนูุง ููุฑููุง ุงูุฌุฏูุฏุฉ ูุจุงุก ุนุงููู ูููู ุจุชูุงุชู ุฃุจูุงุก ูุจูุงุช ูุทููุง ุงูุบุงูู ูููููุง ุจุญูู ุงููู ุงููุถุงุก ุนููู ููุง ุชุชูุงูููุง ุจุงูููุถูุน ุฃุจุฏุง ๐ธ๐ฆ	no	nan	nan	nan	nan	no	no
99	ูููุฉ ุณูุฏู #ุฎุงุฏู_ุงูุญุฑููู_ุงูุดุฑูููู ุชุคูุฏ ุญุฑุต ุงูููุงุฏุฉ -ุญูุธูุง ุงููู- ุนูู ุชุณุฎูุฑ ูู ูุง ูุญูู ุฑูุนุฉ ุงููุทู ูุณูุงูุฉ ุงูููุงุทู ูุงูููููุ ููุจุฐู ูู ูุฒุงุฑุฉ ุงูุชุนููู ูุตุงุฑู ุฌูุฏูุง ููุชูุงูู ูุน ูู ุงูุฌููุฏ ุงููุทููุฉ ุงูุนุธููุฉ ููุชุตุฏู ูููุฑูุณ #ููุฑููุง ูู ุฎูุงู ุงูุฌุงูุนุงุช ูุฅุฏุงุฑุงุช ุงูุชุนููู. ุญูุธ ุงููู ุงููุทู ูููุงุฏุชู ูุฃุฏุงู ุนุฒู. URL	yes	no	yes	no	no	no	no
100	ุฃููุฑ ูุทุฑ ูุทูุจ ูู ุงูููุงูุงุช ุงููุชุญุฏุฉ ูุฏูู ุฃุฎุฑู ุชูููุฐ ูุนูุฏูุง ุจุงูุถุบุท ุนูู ุงูุณุนูุฏูุฉ ูุฅููุงุก ุงูููุงุทุนุฉ ูุฅูุฌุงุฏ ุญู ููุฃุฒูุฉ ูุธูุฑ ุงุญุชุถุงู ุงูุฏูุญุฉ ูุฅุชูุงู ุงููุตุงูุญุฉ ุจูู ุทุงูุจุงู ูุฃูุฑููุง. - ุชุนููู: ุฏูู ุงูุนุงูู ุฃุฌูุน ูุดุบููุฉ ุจููููุฉ ุงููุถุงุก ุนูู ููุฑููุง ูุฅุนูุงู ุงูุฏูุญุฉ ูุดุบูู ุจุงูุณุนูุฏูุฉ! ูุณุฃู ุงููู ุงูุนุงููุฉ ูุงูุณูุงูุฉ	yes	yes	nan	yes	yes	no	no
101	ุงุณุชุดุนุงุฑุงู ููุงุฌุจู ุงููุทูู .. ุฃุดุงุฑููู ูุฐู ุงูุนุจุงุฑุงุช ุงูุชูุนููุฉ ูู ุฃููุงุฑู ูุชูููุฐู .. ุฃุณุฃู ุงููู ุฃู ูุญูู ุจูุงุฏูุง ูุฌููุน ุจูุงุฏ ุงููุณูููู ูู ูู ููุฑูู ูุฃู ูุฒูู ุนููุง ูุฐุง ุงููุจุงุก ุฅูู ุนูู ูู ุดู ูุฏูุฑ  #ูููุง_ูุณุคูู #ููุฑูุณ_ููุฑููุง URL	no	nan	nan	nan	nan	no	no
102	ุนูู ุถูุก ุงููุชุงุจุนุฉ ุงูููููุชุฉ ูุฅุฌุฑุงุกุงุช ููุงูุญุฉ ุฅูุชุดุงุฑ ฺคูุฑูุณ ููุฑููุง .. ููุฏ ูููุช ุงูุญูููุฉ ู ุงูุฃุฌูุฒุฉ ุงูุชูููุฐูุฉ ุงููุฎุชุตุฉ ุจุฅุชุฎุงุฐ ุงููุงุฒู ูุญู ุชุทููุฑ ุงูุฅุฌุฑุงุกุงุช ุงูุงุญุชุฑุงุฒูุฉ ุงููุชุจุนุฉ ุนูู ูุณุชูู ุงูุฏููุฉ ู ุงูููุงุทู ูู ุฎูุงู ุงุชุฎุงุฐ ุญุฒูุฉ ุฅุฌุฑุงุกุงุช ุฅุถุงููุฉ ุชุณูู ูู ุชุญููู ุฃุนูู ูุนุฏูุงุช ุงูุฃูุงู ูก/ูข	no	nan	nan	nan	nan	no	no
103	ูู ูุณููู ุฃููุณูู โูุนุงุฑุถุฉ ุณุนูุฏูุฉโ ูู ููุฏู ูุซูุฑูู ููุดููุฉุ ูุดู ุชุญุฑูุถูู ุงูุนููุฏ ุงููุงุถูุฉ ูุชุญุงููุงุชูู ุงูุฅููุชุฑูููุฉุ ูุงุชุฌููุง ููุชุญุงูู ูุน #ููุฑููุง ุจุดุงุฆุนุงุช ูุฃูููุงุช ุถุฏ ุจูุฏูู. ุงูุฃูุจุฆุฉ ูุงููุงูุฑูุณุงุช ุชุชุญุงูู ูุน ุจุนุถูุง.	no	nan	nan	nan	nan	no	no
104	ุชูุงุฌู ูุทุฑ ูุจุงุก ููุฑููุง ุจููุฉ ูุญุฒู ูุจุญุดุฏ ุฌููุฏ ุงูุฌููุน ูุญูุงูุฉ ูุฌุชูุนูุง ูุจูุฏูุง. ุฌูุงุฒูุง ุงูุตุญู ููู ูู ุงูุฎุท ุงูุฃูุงูู ูู ูุฐู ุงูููุงุฌูุฉ ูููุงุฏุฑูุง ุงูุทุจูุฉ ุชุคุฏู ูููุชูุง ุงููุจููุฉ ุจุดุฌุงุนุฉ ูุชุญูู ูุฌุงุญุง ูุง ููุชูู ุฅูุง ุจูู. ูููู ุนููุง ููู ุจุงูุชุฒุงู ุงูุฅุฑุดุงุฏุงุช ุงูููุงุฆูุฉ ุฎุงุตุฉ ูุฒูู ุงูููุงุฒู ูู ุงููุชุฑุฉ ุงูุญุงููุฉ.	no	nan	nan	nan	nan	no	no
105	ุนุฑุงุจ ุงูุงูููุงุจ ูุงูุบุฏุฑ ูุงูุนููู ูู ูุทุฑ  ุจุฏุก ุงูุชุบุฑูุฏุงุช ุจ #ููุฑููุง  ุซู ุงูุญู 11 ุณุจุชูุจุฑ ุ ุซู ุญูู ุนูู ุงูุฏูู ุงูุนุฑุจูุฉ ุ ุซู ุนูู ุฏูู ุงูุฎููุฌ ุซู ุงุฎุชุชู ุจุงู ูุทุฑ ุฏููุฉ ุงูุตููุฏ ูุงู ุงุณุชูุฑุช ุงูููุงุทุนุฉ 3 ุณููุงุช ุซู ุงุฎุชุชู ุงูุชุบุฑูุฏุฉ ุจุงูุชูุณู ูุงููุงุก ุงูููุงุทุนุฉ ..ุชูุธูู ุฑุฎูุต ูุบุจู  ุงูุงุณู: ุจู ุฌุงุณู  ุงููุธููุฉ: ุฌูุงู ุฑูุงู	yes	yes	yes	yes	yes	yes	yes
106	ุนุงุฌู ๐ด .  .  ุฅูุทุงููุง ุชุจุฏุฃ ูู ุงุณุชุฎุฏุงู ุนูุงุฌ ูููุฑูุณ ููุฑููุง .. ูุฃูุจุงุก ุนู ุซุจูุช ูุงุนููุชู. (ุงูุนุฑุจูุฉ) .  . #ุงูุทุงููุง	yes	yes	yes	no	yes	yes	yes
107	ุนุงุฌู:  ุงูุขู.. ุจุฏุก ุชูููุฐ ูุฑุงุฑ ุฅููุงู ุงูุทูุฑุงู ุงูุฏุงุฎูู ูุงูุฃุฌุฑุฉ ูุงููุทุงุฑุงุช ูุงูุญุงููุงุช ูู #ุงูุณุนูุฏูุฉ.   #ููุฑููุง #ููุฑูุณ_ููุฑููุง	yes	no	yes	no	no	no	no
108	ุฃูู ูู ุญุฐุฑ ูู ูุฑุถ ุฎุทูุฑ ูุงุนุชููุชู ุงูุณูุทุงุช ุจุชููุฉ ูุดุฑ ุดุงุฆุนุงุช ุซู ุชููู ุจุงูููุฑูุณ.. #ุงูุตูู ุชุนุชุฐุฑ ูุนุงุฆูุฉ ููุชุดู #ููุฑููุง ูุชููุญูุง ุชุนููุถุง ูุชุญุงูู ูู ุงุนุชูููู #ุงูุนุฑุจูุฉ #ุฃู_ุชุนุฑู_ุฃูุซุฑ URL	yes	yes	nan	no	yes	no	no
109	ูุนูู ุณุจูู ุงูุจุดุงุฆุฑ ..   ุฅูุทุงููุง ุชุจุฏุฃ ูู ุงุณุชุฎุฏุงู ุนูุงุฌ ูููุฑูุณ ููุฑููุง .. ูุฃูุจุงุก ุนู ุซุจูุช ูุงุนููุชู. (ุงูุนุฑุจูุฉ)	yes	no	yes	no	no	no	no
110	ุงุณุชุงุฐ ุงูุทุจ ุงูุฑุฆูู ูู #ุชุฑููุง ูุตุฑุญ ุจุฃู ุงูุฃุนุฏุงุฏ ุงููุนููุฉ ุนู #ููุฑููุง ุบูุฑ ุตุญูุญุฉ ูุงูุนุฏุฏ ุงููุชููุน ุงููุตูู ูู 145 ุฃูู ุ ูู ูุฐู ุงูุฃุฎุจุงุฑ ุจุฏู ุฃู ููุงูุดูุง ุงุนูุงู #ุงุฑุฏูุบุงู ููุฑุจ ูููุง ุจุชูุซูู ุงููุฌูู ุนูู #ุงูุณุนูุฏูุฉ !! ุฎุจุฑ ูุณุชุญู ุงููุฑุงุกุฉ ูุงูุงุณุชูุงุน ูุงูุชุฃูู ูุชุนุฑู ููู ุชุฏุงุฑ ุงูุฏูู ุงููุงุดูุฉ !!	yes	no	nan	yes	yes	no	yes
111	ุชุงุฑูุฎ ุงูุฎุจุฑ ูุงุถุญุ ุฃูู ููู ูู ุณูุฉ 2020... ุงูุดุฑุทุฉ ุงูุตูููุฉ ูู ููุงู ุชุนุชูู 8 ุฃุดุฎุงุต ุจุชููุฉ ุชุฑููุฌ ุดุงุฆุนุงุช ุนู ูุฌูุฏ ูุจุงุก ููุชุดุฑ. ุฌุฑููุฉ #ุงูุตูู ุจุญู ุงูุนุงูู ูุง ุชุบุชูุฑ . #ููุฑูุณ_ููุฑููุง #COVIDIOTS	yes	no	yes	no	no	no	no
112	ุณูุฏ ูุฐุฎุฑ ๐ถ๐ฆ 14953 ูุชุทูุน ุญุชู ุงูุขู ูู ูู #ูุทุฑ ูุงููููููู ูุถุฑุจูู ุฃุฑูุน ุงูุฃูุซูุฉ ูู ุงููููู ูุน ุงูุฏููุฉ ูููุงูุญุฉ ููุฑูุณ #ููุฑููุง โ๏ธ	yes	no	yes	no	no	no	no
113	ูููุฉ ุณูุฏู ุงูุฑุฆูุณ ุนูุฏุฑูุณ ุงูุฒุจูุฏู ูุงูููุฌูุฉ ููุดุนุจ ุงูุฌููุจู ุจุฎุตูุต ููุฑูุณ ููุฑููุง . ูุงูุนูู ุฌุงุฑู ูุชูููุฐ ูู ูุง ุฌุงุก ูู ูุฐุง ุงูุฎุทุงุจ ูุน ูุง ุชูุฏู ูู ุฅุฌุฑุงุกุงุช ุจุชูุฌููุงุชู ุงูุณุงุจูุฉ ููุฐ ุจุฏุงูุฉ ุงูุฃุฒูุฉ ูุจูุชุงุจุนุฉ ุดุฎุตูุฉ ูู ุงูุฑุฆูุณ ุญูุธู ุงููู ูุฑุนุงู .	yes	no	yes	no	no	no	no
114	ููุงุฐุง ุชูุชุดุฑ ุงูุนูุตุฑูุฉ ูุงูุดุงุฆุนุงุช ูุงูููุชุฉ ูู ุฃุฒูุฉ #ููุฑููุงุ ูุญูุฏ ุงูุญุงุฌู USERID ุจุงุญุซ ุฏูุชูุฑุงู ุงูุนููู ุงูุณููููุฉ ูุงูุงุฌุชูุงุนูุฉ ููุตุญุฉ ุงูุนุงูุฉ. ููุณูุฑ ููุง ุนูููููุง ูุง ูุงูุช ุจู ุงููุฌุชูุนุงุช ูุงูุญูููุงุช ุงูุนุฑุจูุฉ ูุงูุบุฑุจูุฉุ ูู ุธู ุฃุฒูุฉ ููุฑููุง. ุงูุขูุ ุนูู ููุงุฉ #ุซูุงููุฉ: URL URL	no	nan	nan	nan	nan	no	no
115	ูุฐุง ุงุฌูุจู ุนุจุฑ ุจุฑูุงูุฌ ุงูุชูู ุชูู  ูุตูุฑ ููุงุทุน ูู ูุณุท ูุญุงูุธุฉ ุฌุฏุฉ ุญู ุจูู ูุงูู ููุดุฑ ุงูุดุงุฆุนุงุช ุนู ููุฑููุง ูุญุงููุง ุจุซ ุงูุฑุนุจ ูุงูููุน ูู ุงููุฌุชูุน   ูุฐู ุงูููุงุทุน ููุฐู ุงูุดุงุฆุนุงุช ููุณุช ุนูููุฉ ุจู ููุตูุฏุฉ ูุบุงูุฉ ููุฏ ุชุณุชุบู ูุบุงูุงุช ุงุฎุฑู   USERID  USERID  USERID URL	yes	nan	no	no	no	no	no
116	#ุนุงุฌู   #ุฅูุทุงููุง ุชุจุฏุฃ ุจุงุณุชุฎุฏุงู ุนูุงุฌ ูุงูุฑูุณ #ููุฑููุงุ ูุฃูุจุงุก ุนู ุซุจูุช ูุงุนููุชู. (ุงูุนุฑุจูุฉ)	yes	no	yes	no	no	no	no
117	ูุงูุฑุณ ููุฑููุง ุงููุณุชุฌุฏ COVID2019  ูู ูุงุฌุจุงุช ูู ููุงุทู ููููู ุฃุชุจุงุน ุงูุชูุฌููุงุช ุงูุตุงุฏุฑุฉ ุนู ุงูุฌูุงุช ุงููุฎุชุตุฉ  ุงุฌูุณ ูู ุจูุชู ุงุบุณู ูุฏู  ุงูุชูุน ุนู ุงูุชุฑููุฌ ููุงุดุงุนุงุช ุฃุชุจุน ุฃุฑุดุงุฏุงุช ุงูููุงูุฉ  ุญูุธ ุงููู ุงูุฌููุน ูู ูู ุดุฑุุุ   #ุดุจูุฉ_ุงูุณุงุญู_ุงูุนูุงูู #ููุฑููุง_ุงูุฌุฏูุฏ #ููููุฏ_19 #COVID2019 #ุนูุงู_ุชูุงุฌู_ููุฑููุง URL	no	nan	nan	nan	nan	no	no
118	ููุชูู ุณููุข  ูู ูุฎุฑุฌ ูู ุงูุจูุช ุญุชู ูุฒูู ุงููุฑุถ  ุญุงู ูุฐู ุงูุนุฌูุฒ ุงูุฃุณุจุงููู ููุณุฑ ุงูุฎุงุต ูุฃู ุญูููุชูู ุงุฎุชุงุฑุช ููู ุงูููุช ูุตูุฑุข    #ุชู_ุชุงูุฑูู_ุงูุฑ #ุงูุง_ูุน_ุญุธุฑ_ุงูุชุฌูู_ุงูุงุฌุจุงุฑู #ุฃุจู_ุทูุงู_ุงูุญูุฑุงูู #ุงููุฑุงุฌ_ูุณุชูุฒู_ุจุงูุญุฌุฑ_ุงูุตุญู #ูููู_ููู #COVID19 #ูุทุงูุจ_ุจุญุธุฑ_ุชุฌูู_ูู_ูุทุฑ #ุงูุนุฏ_ูู_ุจูุชู URL	no	nan	nan	nan	nan	no	no
119	ุชุบุฑูุฏุฉ ุชุญุงูู #ุงูุฏูุญุฉ ูู ุฎูุงููุง ุชุจุฑูุฑ ุฎูุงูุชูุง ููุจูุงู ุจููููุง ูุฑุถ #ููุฑููุง ูุจูุงู ุชุตุฏุฑ ุงูุงุบูุงู!! ุจุงูุชุฃููุฏ ุงูุฏูุญุฉ ูุงุชุณุนู ูุฑุฃู ูุจูุงู ุงูุนุงู ููู ูู ุชุถุน ูู ูุฒู ูุฃู ูู ูููู ุงูููุช ููู ูู ููุชู ููุง ุฏููู ูููููุง ุชุญุงูู ุงูุชุจุฑูุฑ ูุจุนุถ ูู ูู #ูุทุฑ ุฑูุงููุง ูู ุฐูู ููุฉ ูุฏุงุฑููู.  #ูุทุฑ_ุชููู_ููุฑููุง_ุงูู_ูุจูุงู URL	yes	yes	yes	yes	yes	yes	yes
120	ุงูููุทูุฉ ุงูุตูุงุนูุฉ ุงููุฏููุฉ ูู #ูุทุฑ ุชููุฏ ุงูุฏููุฉ ุฅูู ูุงุฑุซุฉ ุญููููุฉ ุจุณุจุจ ุชูุฑุจ ูุฑูุถ ุงูุนูุงู ูุฅุฌุฑุงุกุงุช ุงูุนุฒูุ ุชุญุชู ูุทุฑ ุฃุนูู ุนุฏุฏ ุฅุตุงุจุงุช ุจูุจุงุก #ููุฑููุง ูู ุจูู ุฏูู ุงูุฎููุฌุ ููุงุฒุงู ูุตุฑ ูุณุคููู ุงูุญูููุฉ ุนูู ุชูุฌูู ุงูุฅุนูุงู ูููุงุฌูุฉ ุฏูู ุงูููุงุทุนุฉ ูุฑุจูุง ุฅูู ุงูุฃูุงู ุจุฏููุง ูู ุญูุธ ูุญุดุฏ ุงูุฌููุฏ ูููุงุฌูุฉ ุงููุงุฑุซุฉ	yes	yes	yes	yes	yes	yes	yes
121	#ููุฏูู | ุบุถุจ ุดุนุจู ูู #ูุทุฑ ูุชุจุงุทุค ุงูุญูููุฉ ุถุฏ โ#ููุฑููุงโ ูุฒูุฑุฉ ุงูุตุญุฉ ุฏ.ุญูุงู ุงูููุงุฑู ุชุจูุบ ุงูููุงุฏุฉ ุงููุทุฑูุฉ ุจุฃู ูุถุน ุงููุจุงุก ุฎุฑุฌ ุนู ุงูุณูุทุฑุฉ ูู #ูุทุฑ ุ ุนุฏุฏ ุงูุญุงูุงุช ุงูุชู ุชุตู ุงูู ุงููุณุชุดููุงุช ููููุงู ูู ูุทุฑ ูุงููุงุฑุจ100 ุญุงูุฉ ููุฑููุง ุ ูุชุทุงูุจ ุจุชุฏุฎู ุงูููุงุฏุฉ ุงูุนููุง . #ูุทุฑ_ูู_ููุฑููุง  #ูุทุฑ URL	yes	yes	yes	yes	yes	yes	yes
122	ูุตูุช ูููุงุช ููุฑููุง ุจุงูุฑุงู ูููกูคูงู ูุงูุทุงููุง ุชุฌุงูุฒุช ุงูุตูู ุจู ูฃูฉูคูฉููุงุฉ  ูุงูุฅุตุงุจุงุช ุจุฏูููุฉ ูุทุฑ ูฅููขุญุงูุฉ ูุงูุณุนูุฏููู ูุญุฌุฑูู ุนูู ููุงุทูููู ุจููุชุฌุนุงุช ุฌุฒุฑ ุงููุงูุฏูู ูููุงุฏู ุงูุณุงุญุฉ ุงูุญูุฑุงุก ุจููุณูู ูุงููููุชููู ูุณุชุนูููุง ุจุนูู ุจู ุงุจู ุทุงูุจ ูุทุฑุฏ ุงููุงูุฑุณ ูุงูุนุฑุงูููู ูุณุชูุจููู ูุฑุถู ุฅูุฑุงู #ุนุจุฏุงููุฑูู_ุงููููุง URL	yes	no	yes	no	yes	no	no
123	5 ุงูุขู ูุชุทูุน ููุฒุงุฑุฉ ุงูุตุญุฉ ุจุนุฏ ูุชุญูุง ุจุงุจ ุงูุชุทูุน ูุญุฏ ุงูุงู .. ูุฐู ุนูุงูุฏูุง ูุทุฑ ๐ถ๐ฆ ุจุชูุงุชููุง ูููุฑ #ููุฑูุณ_ููุฑููุง  USERID	yes	no	yes	no	no	no	no
124	ุทุงุฆุฑุฉ ุงูุดุญู ุงููุทุฑูุฉ ุงููุบุงุฏุฑุฉ ูู ุทูุฑุงู ุฅูู ุจูุฑูุช ุงูุฎุทูุท ุงููุทุฑูุฉ ุญุงููุช ุฃู ุชููู ูู ูุญุงููุฉ ุฎุฏุงุน ุงููุชุงุจุนูู ููุง  ูุงูุญูููุฉ  ุฃู ุงูุทุงุฆุฑุฉ ูู ุทุงุฆุฑุฉ ุดุญู ูุญููุฉ ุจุจุนุถ ุงูุฑูุงุจ ุงููุตุงุจูู ุจูุจุงุก #ููุฑููุง ููุชุบุทูุฉ ุนูู ุงูุญูููุฉ ุงูุฃูุจุฑ ููู ุงูุณูุงุญ ุงููุชูุฌู ูุญุฒุจ ุงูุดูุทุงู ุงููุจูุงูู  ุนููุง ุจุฃู ูุทุงุฑ ุจูุฑูุช ูุบูู URL	yes	yes	yes	yes	yes	yes	yes
125	ุฑุบู ุชุญุฐูุฑ ููุธูุฉ ุงูุตุญุฉ ุงูุนุงูููุฉ ูุฅุบูุงู ุงููุทุงุฑุงุช ูุงูุญุฏูุฏ ูุน #ุงูุฑุงู ุฅูุง ุฃู ุทุงุฆุฑุฉ ููุธุงู #ูุทุฑ( QTR8320) ุบุงุฏุฑุช ุทูุฑุงู ูุนูู ูุชููุง ุนุฏุฏ ูู ููุงุฏุงุช ุงูุญุฑุณ ุงูุซูุฑู..ูุจู ุณุงุนุงุช ูุญุทุช ูู ูุทุงุฑ ุจูุฑูุช ุงูุฏููู ููุงู ูู ุงูุงุณุชูุจุงู ููุงุฏุงุช ุญุฒุจ ุงููู ูุจูุงู..ููููุง ุงูุดุญู!ูุงุณุนุงููู ููู ูุตุงุจูู ุจ #ููุฑููุงุ #ุงูุฌุฏ_ุทู URL	yes	yes	yes	yes	yes	yes	yes
126	ุนุงุฌู ูููุง ุนู ููุงูุฉ ุงูุฃูุจุงุก ุงููุทุฑูุฉ :  ุฃููุฑ ุฏููุฉ ูุทุฑ ุณูู ุงูุดูุฎ ุชููู ุจู ุญูุฏ ุขู ุซุงูู ููุฌู ุจุฏุนู ุบุฒุฉ ุงููุญุงุตุฑุฉ ุจ ูกูฅู ููููู ุฏููุงุฑ ุนูู ูุฏุงุฑ ุณุชุฉ ุฃุดูุฑ ูููุงุฌูุฉ ุชูุดู #ููุฑููุง ูุฏุนู ุฃูููุง ูู ุธู ุงูุธุฑูู ุงูุตุนุจุฉ ุงูุชู ุชุนุงูููุง	yes	no	yes	no	no	no	no
127	ููุฏู ูุงูู ูุทุน ุฑุญูุฉ ุนูุงุฌู ูู ุจุฑูุทุงููุง ูุฑุฌุน ุฅูู ุงูุฏูุญุฉ ุฅูู ุงูุญุฌุฑ ูู ุฅุญุฏู ุงูููุงุฏู ุซู ุทุฑุฃุช ุจุนุถ ุงูุฃุนุฑุงุถ ุงูุชู ุงุณุชุฏุนุช ุงููุงุฆููู ุนูู ุงูุตุญุฉ ุฃุฎุฐู ูููุณุชุดูู ููุชุฃูุฏ ูู ุณูุงูุชู ูู ูุจุงุก #ููุฑููุง ููู ุงูุชุธุงุฑ ุงููุชุงุฆุฌ ุฃุดูุฑ ุฏููุชูุง ุงูุญุจูุจุฉ #ูุทุฑ ุนูู ุฑุนุงูุชูู ุงููุงูุญุฏูุฏู ูููุฏู  ููุฐู ุฑุณุงูุฉ ููู ููู ุฏุนูุงุชูู๐คฒ๐ป URL	yes	no	yes	no	yes	no	no
128	ุฅุฐุง ูููุง ููู ุฅููู ูู #ูุทุฑ ุจูุง ุฏูู ู ูุง ุฐููู ู ูุง ุถููุฑ ูุง ูููู ูุจุงูุบ .. ุงูุนุงูู ููู ูุณุชููุฑ ุจุณุจุจ ูุจุงุก #ููุฑููุง ู ุงูููุจูุฆูู ูู ุนููููู ูู ุฃูู #ุชููู_ุจู_ุญูุฏ ุฅูู ุขุฎุฑ ุฌุฒูู ูู #ููุงุฉ_ุงูุฌุฒูุฑุฉ ุดุบุงููู ุชูุงุฑูุฑ ููููุฉ ุนู #ุงูุณุนูุฏูุฉ .. ุฅุฐุง ูุง ุชุฎุงููู ุงููู ูููุง ุฎุงููุง ุงููู ูู ุดุนุจูู ุงููู ุจูููุฑุถ ุจุณุจุจูู .	no	nan	nan	nan	nan	yes	yes
129	ุฅููุงุฐุง ููุฅุฌุฑุงุกุงุช ุงูุงุญุชุฑุงุฒูุฉ ุงููุนููู ุจูุง ูู ุงูุจูุงุฏ ููุนุง ูุงูุชุดุงุฑ ููุฑูุณ ููุฑููุง (ููููุฏ-19)ุ ุงูุฌูุงุช ุงููุฎุชุตุฉ ุชุถุจุท 10 ุฃุดุฎุงุต ุฎุงูููุง ุงุดุชุฑุงุทุงุช ุงูุนุฒู ุงูุตุญู ุงูููุฒูู ูููุง ูุชุนูุฏ ุงูุชุฒููุง ูู ุฎูุงูู ุจุชุทุจูู ุชูู ุงูุงุดุชุฑุงุทุงุช ุงููุญุฏุฏุฉุ ุญูุซ ุฃูุงุฏุช ูุฒุงุฑุฉ ุงูุตุญุฉ ุงูุนุงูุฉ ุจุฃูู ุฌุงุฑ ุฅุญุงูุชูู ููููุงุจุฉ ุงููุฎุชุตุฉ. #ููุง	yes	no	yes	no	no	no	no
130	ุดูุงุฑุน #ูุทุฑ .. ุชูุธูู ูุชุนููู .. ุฌููุฏ ูุง ุชุชููู ููู ููุงุฑ ูููุงูุญุฉ #ููุฑููุง .. ูููููุง ูุนูู ุฏุงุนููู ูููููู ูุนุงู ูููุน ุชูุดู ูุฐุง ุงููุงูุฑูุณ .. #ูุฃุฌู_ูุทุฑ_ูููุง_ูู_ุงูุจูุช #ุณูุงูุชู_ูู_ุณูุงูุชู #ุงูุฒู_ุจูุชู URL	yes	no	yes	no	no	no	no
131	ุชุญุฏูุซ.. ูขู ูุงุฑุณ ูขููขู  ุงูุณุงุนุฉ:  ูกูก ู ุจุชูููุช ููุฉ ุงูููุฑูุฉ  ุนุฏุฏ ุญุงูุงุช ุงูุดูุงุก ูู #ููุฑููุง ุงููุณุชุฌุฏ ุจุฏูู ุงูุฎููุฌ: ๐ง๐ญุงูุจุญุฑูู: ูกูกูข ูู ูขูฉูข ุฅุตุงุจุฉ ๐ฆ๐ชุงูุฅูุงุฑุงุช: ูฃูก ูู ูกูคู ุฅุตุงุจุฉ ๐ด๐ฒุนููุงู: ูกูฃ ูู ูคูจ ุฅุตุงุจุฉ ๐ฐ๐ผุงููููุช: ูขูข ูู ูกูฅูฉ ุฅุตุงุจุฉ ๐ธ๐ฆุงูุณุนูุฏูุฉ: ูจ ูู ูฃูคูค ุฅุตุงุจุฉ ๐ถ๐ฆูุทุฑ: ูกู ูู ูคูงู ุฅุตุงุจุฉ	yes	no	yes	no	no	no	no
132	ุงูููุถูุน ููุณ ุณูุงุณู..ููุง ูุญุตู ูู ูุทุฑ ุฎุทูุฑ ูุฎุทูุฑ ุฌุฏุงู..ุงูุชุดุงุฑ ูุงูุฑูุณ #ููุฑููุง ูู ุงูุฏูุญุฉ ุจุดูู ูุฎูู ููุฑุนุจ ุฌุฏุงู..ุน ูุธุงู ุงูุฃููุฑ ุชููู ุทูุจ ุงููุณุงุนุฏุฉ ูู ููุธูุฉ ุงูุตุญุฉ ุงูุนุงูููุฉ ูุงูุฏูู ูููู ุงูููุงุตูุงุช ูุน ุฅูุฑุงู  ููุจุงุฆููุง ูุงููููููู ุจูุทุฑ #ุชูููู_ุงูุนุฏูุง_ูู_ุจููุชูู ููุญู ูู #ุงุนูุงู_ุญุฑุจ_ุถุฏ_ููุฑููุง. #ุงูุฌุฏ_ุทู	yes	yes	yes	yes	yes	yes	yes
133	ุชุญุฏูุซ.. ูขูก ูุงุฑุณ ูขููขู  ุงูุณุงุนุฉ:  ูกูก ู ุจุชูููุช ููุฉ ุงูููุฑูุฉ  ุนุฏุฏ ุญุงูุงุช ุงูุดูุงุก ูู #ููุฑููุง ุงููุณุชุฌุฏ ุจุฏูู ุงูุฎููุฌ: ๐ง๐ญุงูุจุญุฑูู: ูกูขูฅ ูู ูฃูกู ุฅุตุงุจุฉ ๐ฆ๐ชุงูุฅูุงุฑุงุช: ูฃูจ ูู ูกูฅูฃ ุฅุตุงุจุฉ ๐ด๐ฒุนููุงู: ูกูฃ ูู ูฅูข ุฅุตุงุจุฉ ๐ฐ๐ผุงููููุช: ูขูง ูู ูกูงูฆ ุฅุตุงุจุฉ ๐ธ๐ฆุงูุณุนูุฏูุฉ: ูกูฆ ูู ูฃูฉูข ุฅุตุงุจุฉ ๐ถ๐ฆูุทุฑ: ูขูง ูู ูคูจูก ุฅุตุงุจุฉ	yes	no	yes	no	no	no	no
134	ููุฏูู ๐ฅ| ุฌุงูุจ ูู ุฌููุฏ #ุฃุดุบุงู ูู ุชูุธูู ูุชุนููู ุงูุดูุงุฑุน ูุฐูู ูู ุฅุทุงุฑ ููุงุฌูุฉ ุงูุชุดุงุฑ ููุฑูุณ #ููุฑููุง  #ูุฑุณุงู_ูุทุฑ URL	yes	no	yes	no	no	no	no
135	ุงุญุฏู ุทุงุฆุฑุงุช ุงูุดุญู ุงููุทุฑูุฉ ุงููุงุฏูุฉ ูู ุฅูุฑุงู ุชุญูู ุนูู ูุชููุง ูุฑุถู ุจููุฑูุณ ููุฑููุง ุจุบุทุงุก ุชุจุฑุนุงุช ุทุจูุฉ ููุฏุณูู ููู ุจุนุถูู ุชูุจุท ุจูุทุงุฑ ุจูุฑูุช ุจุงูููุฉ ุชุญุช ุญูุงูุฉ ุญุฒุจ ุงููู .. URL	yes	yes	yes	yes	yes	yes	yes
136	ุฅุตุงุจุฉ ุนูุงูุฉ ุขุณูููุฉ ูุฃูุฑูููุฉ ูู ูุทุฑ ุจู #ููุฑููุง ููุฐ ุฃุณุงุจูุน ูููููุง ุงูุนุฏูู ูุขุฎุฑูู #ุงูุนุฑุจูุฉ_ุนุงุฌู URL	yes	yes	yes	yes	yes	yes	yes
137	ูุงููุง ูุญุงุฑุจูู ุงูุดุฑูุงุช ุงููุทููุฉ ููุฏููู  ูก) ุฅุถุนุงู ุงูุชุตุงุฏ ุงูุจูุฏุ ูุตุงูุญ ุงูุชุตุงุฏ ูุทุฑ ูุชุฑููุง.  ูข) ุงุจุชุฒุงุฒ ุงุตุญุงุจ ุงูุดุฑูุงุช ููุชุจุฑุน ูููุคุณุณุงุช ุงูุฎูุฑูุฉ ุงูุชู ูุฏูุฑูููุงุ ูุชุนููู ููุงุฏุฑูู ููุงุฏุงุช ูู ูุฐู ุงูุดุฑูุฉุ ูุงูุง ุชุณุชูุฑ ุงูุญููุงุช.  ูฃ) ุงุถุนุงู ุดุฑูุงุช ูุนููุฉ ูุตุงูุญ ุดุฑูุงุช ุบูุฑูุง ุงุตุญุงุจูุง ูุฏุนููููู ุจ(ุฃููุงู) ุถุฎูุฉ.	yes	yes	yes	yes	no	yes	yes
138	ุฃุนููุช ุฏููุฉ #ูุทุฑ_ุงูููู ุงู #ุงูุฎุทูุท_ุงูุฌููุฉ_ุงููุทุฑูุฉ ุณูู ุชููู ุงููุณุงุนุฏุงุช ูู ูู ุฏูู ุงูุนุงูู ุฅูู #ุงูุฑุงู ุฏูู ููุงุจู ููู ุงุทุงุฑ ุงูุฏุนู ุงูุฐู ุชูุฏูู ูุทุฑ ููุณุงุนุฏุฉ ุงูุฌููุฏ ุงูุงูุฑุงููุฉ ูููุงูุญุฉ ููุฑููุง ููููุงุฌูุฉ ุงูููุงุทุนุฉ ุงูุชู ุชูุฑุถูุง ุงูููุงูุงุช ุงููุชุญุฏุฉ ุนูู ุงูุฑุงู . ุงูุฑุงู ูุงูุช ุงู ุดุนุจูุง ูู ููุณู ูู ููู ูุนูุง .	yes	no	yes	yes	yes	yes	no
139	ูุชูุฏูู ุงูุจูุงุบุงุช ูุงูุดูุงูู ุงูุฎุงุตุฉ ุจุงูุญุฌุฑ ุงูุตุญู (ุงูููุงุฏู - ุงูููุงุฒู) ุ ูุงูุฅุจูุงุบ ุนู ุญุงูุงุช ุนุฏู  ุงูุงูุชุฒุงู ุจุงูุฅุฑุดุงุฏุงุช ุงูุตุญูุฉ ูุงูุฃูููุฉ ููููุงูุฉ ูู #ููุฑูุณ_ููุฑููุง  (ููููุฏ-19)  ูููููู ุงูุงุชุตุงู ุนูู ุงูุฎุท ุงูุณุงุฎู 44579999 .. ุณูุงูุชูู ุชูููุง #ุณูุงูุชู_ูู_ุณูุงูุชู  #ุงูุฏุงุฎููุฉ_ูุทุฑ URL	no	nan	nan	nan	nan	no	no
140	ุนุงุฌู ูุณุคูููู ูู ููุธูุฉ ุงูุตุญุฉ ุงูุนุงูููุฉ ุงุฑุณููุง ุชุญุฐูุฑ ููุธุงู ูุทุฑ ุจุนุฏ ุงู ุฑูุถุช ูุฒุงุฑุฉ ุงูุตุญุฉ ุจุงูุฏูุญุฉ ุชุฌููุฒ ูุณุชุดูู ููุนูุงูุฉ ุงููุตุงุจุฉ(ุขุณูููุฉ ูุฃูุฑูููุฉ)ุจ #ููุฑููุง ูุฃูุฑ USERID ุงูุฃูุฑ ุงุนูุงููุงู(ุบุฏุงู)ููุตู ุนุฏุฏ ุงููุตุงุจูู ูุฃูุซุฑ ูู862 #ุญุธุฑ_ุชุฌูู_ุงุฌุจุงุฑู_ูููุฐูุง #ุชูููู_ุงูุนุฏูุง_ูู_ุจููุชูู #ุงูุฌุฏ_ุทู	yes	yes	yes	yes	yes	yes	yes
141	ููุฑ ุงูุนุงูู ุจุธุฑููู ุตุนุจุฉู ุชุชุทูุจ ุชูุงุชู ุงูุฃูุฑุงุฏ ูุงููุฌุชูุนุงุช ูุงูุญูููุงุช ูููุงุฌูุฉ ุฎุทุฑ ุงูุชุดุงุฑ ููุฑูุณ ููุฑููุง ุงููุณุชุฌุฏุ ูุฃูู ูู ุงูุฌููุน ุงูุงูุชุฒุงู ุจุญุฒูุฉ ุงูุชุนูููุงุช ูุงูุฅุฌุฑุงุกุงุช ุงูุตุงุฏุฑุฉ ูู ุงูุฏููุฉ ููุญุฏ ูู ุงูุชุดุงุฑ ุงูููุฑูุณ ู ุงูุชุบูุจ ุนููู.   ูุณุฃู ุงููู ุงูุนุธูู ุฃู ูุญูุธูุง ุฌููุนุงู.	no	nan	nan	nan	nan	no	no
142	ุชุนูู ูุฒุงุฑุฉ ุงูุตุญุฉ ุงูุนุงูุฉ ุนู ูุชุญ ุจุงุจ ุงูุชุทูุน ูุฏุนู ุฌููุฏ ุฏููุฉ ูุทุฑ ูู ุฅุทุงุฑ ุงูุฅุฌุฑุงุกุงุช ุงูููุงุฆูุฉ ูุงูุงุญุชุฑุงุฒูุฉ ููุญุฏ ูู ุงูุชุดุงุฑ #ููุฑูุณ_ููุฑููุง (ููููุฏ-19)  #ุณูุงูุชู_ูู_ุณูุงูุชู  URL	yes	no	yes	no	no	no	no
143	ุณูู ุฃููุฑ ุงูุจูุงุฏ ุงูููุฏู ููุฌู ุจุชูุฏูู 150 ููููู ุฏููุงุฑ ุนูู ูุฏู 6 ุฃุดูุฑ ุฏุนูุง ููุทุงุน ุบุฒุฉุ ูุฐูู ุงุณุชููุงูุง ูุฌููุฏ ุฏููุฉ ูุทุฑ ูู ุงูุชุฎููู ูู ูุนุงูุงุฉ ุงูุดุนุจ ุงูููุณุทููู ุงูุดูููุ ูุฏุนูุง  ูุจุฑุงูุฌ ุงูุฃูู ุงููุชุญุฏุฉ ุงูุฅุบุงุซูุฉ ูุงูุฅูุณุงููุฉ ูู ูุทุงุน ุบุฒุฉุ ููููุงูุญุฉ ุชูุดู ููุฑูุณ ููุฑููุง ุงููุณุชุฌุฏ (ููููุฏ-19). #ููุง URL	yes	no	yes	no	no	no	no
144	USERID #ูุทุฑ ุชู ุนุฒููุง ููุฐ ุซูุงุซ ุณููุงุช ูู ูุจู ุฌูุฑุงููุง ูุงููุง ูุตุงุจุฉ ุจูุงูุฑูุณ ุงูุชุขูุฑ .. ููู ูู ุชูุดูู ููู ุญุชู ูุชู ุฅุนุงุฏุฉ ุฏูุฌูุง ุจูุญูุทูุง. ูุฏ ุชูุดูู ูู #ููุฑููุง ููู ูู ุงููุณุชุจุนุฏ ุงู ุชูุดูู ูู ูุงูุฑุณ ุงูุชุขูุฑ ุงููุชูุดู ูู ููุงุฏุชูุง.	no	nan	nan	nan	nan	no	no
145	ุงุชูุญุฏ ูุฐูุนู ุงูุฌุฒูุฑุฉ ุฌููุนุงู ูุน ุงูุฅุฎูุงู ุงููุณูููู ูุน ุจูุงูุง ุงูุตุญูุฉ ุงูุจุงุฆุฏุฉ ูุน ูุฏูุนู ุงููุญุฏุฉ ุงูููููุฉ ุงููุงุดูุฉ ููุนุชุฑููุง ุฌููุนุง: โุฅูู ูุทุฑ ุฃุตุบุฑ ุจูุซูุฑ ูู ุฃู ุชููู ุจุชุตููุน ููุดุฑ ุงูููุฑูุณโุ ูููุช ููู: โูุฐูู ูุฅูู ููุฑูุณ ููุฑููุง ุตุบูุฑ ุฌุฏุงูุ ููุน ุฐูู ูุนูุซ ูู ุงูุฃุฑุถ ุงูุฎุฑุงุจโ.  URL	no	nan	nan	nan	nan	no	no
146	ูุงุฐุง ุจุนุฏ #ููุฑููุง ูุง ุฃูู ูุทุฑ ุ๐	no	nan	nan	nan	nan	no	no
147	ุงูุฌูุงุช ุงููุฎุชุตุฉ ุชุจุฐู ูู ุฌููุฏูุง ูููุงูุญุฉ ุงูุชุดุงุฑ ููุฑูุณ #ููุฑููุง.. ุงูุชุฒู ุจุฏูุฑู ู #ูุฃุฌู_ูุทุฑ_ุฎูู_ูุงูุจูุช URL	no	nan	nan	nan	nan	no	no
148	ููุด ุชุณุชุบุฑุจูู ูุชุถุฌูู ููู #ูุทุฑ ุงุนููุช ุงุณุชุนุฏุงุฏุงุชูุง ูููู ุงููุณุงุนุฏุงุช ุงูุทุจูุฉ ู #ุงูุฑุงู ูููุงุฌูุฉ #ููุฑููุง ุ!  #ุงูุงูุงุฑุงุช ู #ุงูุณุนูุฏูุฉ  ูุฏูุช ุงุฌูุฒุฉ ููุนุฏุงุช ุทุจูุฉ ูุฅุณุฑุงุฆูู ููุงุญุฏ ุชููู ูู ุจุณ ูุฐุง ูุฏูุชุง ุงูุซุฑ ูู 10 ูููุงุฑ ุฏููุงุฑ ูุฏุนู ุงููุณุชุดููุงุช ุงูุฅุณุฑุงุฆูููุฉ   #ููุฑูุณ_ููุฑููุง	yes	yes	yes	yes	yes	yes	yes
149	ุจูุงู #ูุฏูุฑูุฉ_ุงูุทูุฑุงู_ุงููุฏูู ุนู ุฑุญูุฉ ุงูุฎุทูุท ุงููุทุฑูุฉ #ุทูุฑุงู #ุจูุฑูุช ุจููู ูุงูุช ุญุงููุฉ โุฌุซูุงู ูู ููุฏุง ูุจุฑูุฏ ุณูุงุณูโ ุจูููุง ุงูุจูุงู ุงููุทุฑู ุงูุฑุณูู ุจููู โุฎุงููุฉ ูู ุฃู ุจุถุงุฆุน ุฃู ุฑูุงุจโ ูุทููุจ ูู ุงููุณุคูููู ุนูุง ุชูุถูุญ... ูุด ูุงูุตูุง ูุถุงูุญ ูุชูุงูุถ ูููู ูุฒูุฏ ุนุฏู ุงูุซูุฉ ุจุฒูู #ููุฑููุง	yes	yes	yes	nan	yes	yes	yes
150	ูู ุชุญููุช ูุทุฑ ูู ูุงูู ูููููุดูุงุช ูุงูุฃุณูุญุฉ ูุงูุฃููุงู ููุงุฑูุงุจููู ุฅูู ูุงูู ููุฃูุจุฆุฉุ  ุนุฏุฉ ุตุญู ุชุชุญุฏุซ ุงู ุงูุทุงุฆุฑุฉ ุงููุทุฑูุฉ ููุณุช ููุดุญู ููุง ุชุฏุนู ูุทุฑ  ูููุณุช ูููู ุงูุงุณูุญุฉ ูุงููููุดูุงุช ููุง ุชููุนูุง ูุชุนูุฏูุง  ุจู ุชุทูุฑ ุงูุงูุฑ ูุงุตุจุญุช ุชููู ุงููุฑุถู ุงูุฐูู ุนุฌุฒุช ูุณุชุดููุงุช ุงูุฑุงู ุนู ุงุณุชูุนุงุจูู ุงูู ูุจูุงู.   #ููุฑููุง URL	yes	yes	yes	yes	yes	yes	yes
151	ูุนุฏ ุงูุชุจุงุนุฏ ุงูุงุฌุชูุงุนู ุฎุทูุฉ ูุงูุฉ ููุญุฏ ูู ุงูุชุดุงุฑ ููุฑูุณ ููุฑููุง (ููููุฏ-19). ูุฑุฌู ุงุชุจุงุน ุงููุตุงุฆุญ ูุงูุชุฏุงุจูุฑ ุงูููุงุฆูุฉ ุงูุชู ุงูุตุช ุจูุง ูุฒุงุฑุฉ ุงูุตุญุฉ ุงูุนุงูุฉ ููุญูุงุธ ุนูู ุณูุงูุฉ ุงููุฌุชูุน ูุฏุนู ุงูุฌููุฏ ูุงูุฅุฌุฑุงุกุงุช ุงูุงุญุชุฑุงุฒูุฉ ุงูุชู ุชููู ุจูุง ุฏููุฉ #ูุทุฑ.  #ุณูุงูุชู_ูู_ุณูุงูุชู URL	no	nan	nan	nan	nan	no	no
152	ุฌููุน ููุงูุงุช ุงูุฃูุจุงุก ูุงููููุงุช ูุดุบููุฉ ูู ุชูุนูุฉ ุงููุงุณ ูู ุงููุจุงุก ุฅูุง ูุฑุชุฒูุฉ ุงูุฌุฒูุฑุฉ ูุดุบูููู ุจุงูุดูุฎ ูุญูุฏ ุจู ุฒุงูุฏ ููุงุฐุง ูุงู ูุฃูู ุฐูุจ ุงูุฃููุฑ ูุญูุฏ ุจู ุณููุงู ูุจูุงุฐุง ุตุฑุญ ุงูุฑุฆูุณ ุงูุณูุณู!  ุนูุฏุฉ ููุต ูุทุฑ ูุชูุธูู ุงูููุจูู ุณุชุจูู ุฃุฎุทุฑ ูู ููุฑููุง ูููุฐุง ูุงููุง ูุง ุชุตุงุฑุน ุฎูุฒูุฑุง ุจุงููุญู ูุชุชุณุฎ ุงูุช ููุณุชูุชุน ูู.	no	nan	nan	nan	nan	no	no
153	ูุฒุงุฑุฉ ุงูุตุญุฉ ุงูุนุงูุฉ ุชููู ุฅู ุงูุญุงูุงุช ุงูู17 ุงูุชู ุชูุงุซูุช ููุดูุงุก ูู ููุฑูุณ ููุฑููุง (ููููุฏ-19) ุ ุจูููู 4 ููุงุทููู ูุทุฑูููุ ููุตู ุฅุฌูุงูู ุญุงูุงุช ุงูุดูุงุก ูู ุงููุจุงุก ุฅูู 27 ุญุงูุฉ ูู ุฏููุฉ ูุทุฑ.  #ููุง	yes	no	yes	no	no	no	no
154	ูุง ููุฌุฏ ูุทุฑู ูุงุญุฏ ูุตุฏู ุจุฃู ุทุงุฆุฑุฉ ุงูุดุญู ุงููุทุฑูุฉ ุทุงุฑุช ูู ุทูุฑุงู ุฅูู ุญุฒุจุงูู ูู ูุจูุงู ุทูุนุช ูุงุถูุฉ ุุ ุุ ูุงุญุฏ ุชููู ุนู ุงูุฎุฑูุงู ุงููู ุดูุชููุง ูู ุจูุฑูุช ููุฏูุญุฉ ุนูุดุงู ุชุบุทูู ุนูู ุฎุท ุณูุฑ ุทูุฑุงู ุจูุฑูุช ุุ ุงูุฑููุง ุณุงูุญุฉ ููู ุงูู ุจุณ ูุง ุชุณุชุบูููู ุงูุดุนุจ ุงููุจูุงูู ุจุดุญู ููุฑููุง ููู ููุง ุชุณุชุบูููู ุงูุดุนุจ ุงููุทุฑู	yes	yes	yes	yes	yes	yes	yes
155	ูุฒุงุฆุฑุชู ูุฃู ุจูุง ุญูุงุก ูููุณ ุชุฒูุฑ ุฅูุง ูู ุงูุธูุงู ูุฑุดุช ููุง ุงููุทุงุฑู ูุงูุญุดุงูุง ูุนุงูุชูุง ูุจุงุชุช ูู ุนุธุงูู ูุถูู ุงูุฌูุฏ ุนู ููุณู ูุนููุง ูุชูุณุนู ุจุฃููุงุน ุงูุณูุงู ุงุฐุง ูุง ูุงุฑูุชูู ุบุณูุชูู ูุฃูุง ุนุงููุงู ุนูู ุญุฑุงู #ุงููุชูุจู #ุงูุญูู #ูุจุงุก #ููุฑููุง #ุงููููุช #ุงูุณุนูุฏูุฉ #ูุทุฑ #ุงูุงูุงุฑุงุช #ุงูุจุญุฑูู #ุนูุงู URL	no	nan	nan	nan	nan	no	no
156	ุฑุฆูุณ ูุฌูุณ ุงููุฒุฑุงุก ููุฒูุฑ ุงูุฏุงุฎููุฉ ูุตุฏุฑ ูุฑุงุฑุง ุจูุฑุถ ุฅุฌุฑุงุกุงุช ุงุญุชุฑุงุฒูุฉ ูููุน ูุงูุฉ ุฃุดูุงู ุงูุชุฌูุนุ ุจุณูุทุฉ ุงููุงูููุ ุนูู ุณุจูู ุงููุซุงู ูุง ุงูุญุตุฑ (ุงูููุฑููุดุ ูุงูุญุฏุงุฆู ูุงูุดูุงุทุฆ ุงูุนุงูุฉุ ูุงูุชุฌูุนุงุช ุงูุงุฌุชูุงุนูุฉ)ุ ูุฐูู ุงุณุชูุฑุงุฑุงู ููุฌููุฏ ุงูุชู ุชุจุฐููุง ุงูุฏููุฉ ููุชุตุฏู ูููุฑูุณ ููุฑููุง ูุงูุญุฏ ูู ุงูุชุดุงุฑู . #ููุง URL	yes	no	yes	no	no	no	no
157	ุดูุงุฑุน #ูุทุฑ ุฎุงููุฉ ุ ุญุธุฑ ูุฌุชูุนู ุฏูู ุตุฏูุฑ ูุงููู ุงูุญุธุฑ ุญุชู ุงูุขู .. ุฎุงููุฉ ูููุงุฒููุง ุนุงูุฑุฉ ุจุงูุญุจ ูุงูููุงุก ูุงูููุงุก ูุงููุณุคูููุฉ .. ุงููุฌุชูุน ููู ูู ุญุงุฆุท ุงูุตุฏ ุงูุนุธูู ุชุฌุงู ุงููุญู ูุงูุฃุฒูุงุช ๐ถ๐ฆ๐ถ๐ฆ๐ถ๐ฆ๐ช๐ป๐ช๐ป๐ช๐ป๐๐ผ๐๐ผ๐๐ผ๐๐ผ๐๐ผ #ููุฑููุง URL	no	nan	nan	nan	nan	no	no
158	ููุงูุฉ ุฃูุจุงุก ุชุฑููุง ุงูุฑุณููุฉ โ ุงูุฃูุงุถูู โ   ุชุนูุฏ ุชูุฑุงุฑ ููุณ ุงูุฎุจุฑ ! ุงูุนุงูู ูุดุบูู ุจูุจุงุก #ููุฑููุง . ููู ูุงููุทุฑููู ูุดุบูููู ุจููุจูุง ูุญูุฏ ุจู ุณููุงู !  ููุฑุฑูู ุงุนุงุฏุฉ ูุดุฑ ุงูุฎุจุฑ ูู ูู ุงูุงููุงุช ููุฐุง ูุฏู ุนูู ุฌููููู ูุชุฃุฒููู ูู ุตูุฑุชู ูุงุณูู.  ูุด ุงูุช ูุณูู ุจูู ๐ธ๐ฆ ๐ ุ URL	yes	yes	nan	yes	no	yes	no
159	ุนูุจ ูุฑุงุฑ ููุน ูุงูุฉ ุฃุดูุงู ุงูุชุฌูุน ุจุณูุทุฉ ุงููุงููู ููุญุฏ ูู ุงูุชุดุงุฑ ููุฑูุณ ููุฑููุง (ููููุฏ-19)ุ ูุดุฏุฏ ุนูู ุถุฑูุฑุฉ ุชุญูู ุงููุณุคูููุฉ ูุงูุงูุชุฒุงู ุจูุงูุฉ ุงููุฑุงุฑุงุช ูุงูุฅุฌุฑุงุกุงุช ุงูุงุญุชุฑุงุฒูุฉ ูุถูุงู ุณูุงูุฉ ุงูุฌููุน ูู ุฏููุฉ #ูุทุฑ. #ุณูุงูุชู_ูู_ุณูุงูุชู URL	no	nan	nan	nan	nan	no	no
160	ูุนุชูุฏ ุงูุฎุจุฑุงุก ุงูุตููููู ุฃู #ููุฑููุง ูุฏ ูุชุณุจุจ ูู ุชูู ุงูุฎุตูุชูู ูุนูู ุงูุฐููุฑ ุ ูููุตู ุงูุฑุฌุงู ุงููุตุงุจูู ุจุฅุฌุฑุงุก ุงุฎุชุจุงุฑุงุช ูุฌูุฏุฉ ุงูุณุงุฆู ุงููููู ููุณุชููุงุช ุงููุฑูููุุ **ุฅู ุตุฏู ุงุนุชูุงุฏูู ูุงููุงูุฑูุณ ุงูุชุงุฌ ูุฎุชุจุฑุงุช 100%ููุณูุทุฑุฉ ุนูู ุงูุงููุฌุงุฑ ุงูุณูุงููุูุฅูุง ูุงุนูุงูุฉ ูุฑุถ ุชููุณู ูุคุซุฑ ุนูู ุงูุฎุตูุจุฉ!! URL	yes	yes	yes	yes	yes	yes	yes
161	ูุง ูู ุฃูุถู ุนูุงุฌ ูููุฑูุณ ููุฑููุง ููููุฏ-ูกูฉุ URL	no	nan	nan	nan	nan	no	no
162	ูุตุงุฏุฑ ูุทูุนุฉ ุชุชุญุฏุซ ุนู ุทุงุฆุฑุฉ #ูุทุฑูุฉ ุดุญู ุฃุชุช ูู #ุงูุฑุงู ุงูู #ูุจูุงู ููุจุทุช ูู ูุทุงุฑ ุฑููู ุงูุญุฑูุฑู ุงูุฏููู(ุฑุบู ุฅููุงู ุงููุทุงุฑ )ูุนูู ูุชููุง ูุจูุงูููู ูุฅูุฑุงูููู ูุตุงุจูู ุจููุฑูุณ #ููุฑููุง ููุฏ ุฏุฎููุง ูุจูุงู ุจุทุฑููุฉ ุงุญุชูุงููุฉ ููุฐุง ุงูุณุจุจ ุงุฑุชูุนุช  ุงูุฅุตุงุจุงุช ุจ #ููุฑูุณ_ููุฑููุง ูู #ูุจูุงู. URL	yes	yes	yes	yes	yes	yes	yes
163	ุชูุงุฌู ููุงุชู: (ููุณู ุนูุงููุฉ ูุจุงุดุฑ) ุญููุฉ ุดุนูุงุก ูู ุจูุงูู ุญูู ุงููุทู ูุชุถูู ูุฐุง ุฏูุน ุฑุดุงูู ูุชุนุทูู ุงูุงุดุชุฑุงูุงุช ุงููุฏููุฉ  ุจุฑุฌุงุก ุชุฌุฏูุฏ ุงูุงุดุชุฑุงู ูุชูุนูู ุงูุฌุฑุณ  ููุดุฑ ูุฐู ุงูุชุบุฑูุฏุฉ #ููุฑููุง #ุงูุงูุฑ_ููููุฉ #Covid_19 #ูุทุฑ #ุชุฑู #ูุฌูุณ #ุงุฎูุงู #ุงุญุฐูุฉ #ุฑูุงูุถ #ุฎูุงุฑุฌ #ููุณู_ุนูุงููุฉ  URL	no	nan	nan	nan	nan	no	no
164	ููุฏูู ๐ฅ| ููุฆุฉ ุงูุฃุดุบุงู ุงูุนุงูุฉ โ#ุฃุดุบุงูโ ุชููู ุจุชูุธูู ูุชุนููู ุงูุดูุงุฑุน ูู ุฅุทุงุฑ ููุงูุญุฉ ุงูุชุดุงุฑ ููุฑูุณ #ููุฑููุง  USERID  #ูุฏูุจ_ูุทุฑ URL	yes	no	yes	no	no	no	no
165	ุฑุงุฌุนูุง ุจุนุฏ ูุง ููุชูู ููุฑููุง ูุดูู ููุถูุน ูุดููุชู ุงูุตุบูุฑุฉ ุฌุฏุงู.  #ููุฑููุง #ููุฑููุง_ุงูุณุนูุฏูู #ูุทุฑ URL	no	nan	nan	nan	nan	no	no
166	ูู ุงูุช ุนุธูู ุงููุง ุงูุดุนุจ ุงููููู ุชุญุงุฑุจ ุงูููุงุจ ูุฏุนูู ุงูุฑุงููุง ููุทุฑูุง ูุชุทูู ุงููุงุนุฏุฉ ูุฏุงุนุด ูุชุณูู ููู ุฎุฒุนุจูุงุช ุงููุซุจุทูู ูุชุฌุงุฑ ุงูุงุฒูุงุช ูุชุฑุงูุจ ุงูุฎููุฉ ุงูุฐูู ุจุงุนูุง ุฃููุณูู ููุดูุทุงู ูุชุณุชุนุฏ ูุน ุงูุนุงูู ูููุงุฌูุฉ #ููุฑููุง ุงูุฐู ูุฏ ูุฏุฎู ูุน ุงูุฎุจุฑุงุก ุงูุฅูุฑุงูููู ุงู ุงูุณูุงุณุฑุฉ ุงููุทุฑููู ุงููุงุฏููู ุงูู ุตูุนุงุก...	yes	yes	no	yes	no	yes	yes
167	ุฃููุฑ #ูุทุฑ ุงูุดูุฎ ุชููู ุจู ุญูุฏ ุขู ุซุงูู ูุฏุนู #ุบุฒุฉ ุจ 150 ููููู ุฏููุงุฑ ุงุณุชููุงูุง ููุดุงุฑูุน ุงูุฅุบุงุซุฉ ูุงูุฅุนุงุดุฉุ ูุฏุนูุง ูููุทุงุน ุงูุตุญู ูู ููุงุฌูุฉ ูุจุงุก #ููุฑููุง .... (ุตูุงุฆุน ุงููุนุฑูู ุชูู ูุตุงุฑุน ุงูุณูุก) ูุจุฅุฐู ุงููู โุฏูููุนูุฉ ุจููุงโ URL	yes	no	yes	no	no	no	no
168	ููุธูุฉ ุงูุนูู ุงูุฏูููุฉ: ุฅุตุงุจุฉ ุนูุงู ุจูุงุก ูู #ูุทุฑ ุจููุฑูุณ #ููุฑููุง ุจุนุฏ ุฑูุถ ุงูุณูุทุงุช ุนูุงุฌูู ููุถุนูู ุจูุณุชุดููุงุช ุบูุฑ ูุคููุฉ URL	yes	yes	yes	yes	yes	yes	yes
169	ุฅุตุงุจุฉ ุนุงูููู ุจูุดุฑูุนุงุช ูุฃุณ ุงูุนุงูู ูู ูุทุฑ ุจู #ููุฑููุง #ุงูุนุฑุจูุฉ_ุนุงุฌู URL	yes	yes	yes	yes	yes	yes	yes
170	ุฃุนุงุฏ ูุบุฑุฏูู ุชุฏุงูู ุตูุฑุงุ ูุนูุงู ุขุณููููู ููุฏุณูู ูู ููุทูุฉ ูุงุฑุบุฉ ููุชุธุฉ ุจุงููุงุฐุฑูุงุชุ ููู ูุฑุชุฏูู ููุงูุงุชุ ูุณุชููุฑูู ูุง ูุงููุง ุฅููุง โุงูุชูุงูุงุช ุถุฏ ุงูุฅูุณุงููุฉุ ูุฃุจุดุน ุฃููุงุน ุงูุฅูุงูุงุช ูุชููุงูุง ุงูุขุณููููู ูู #ุงูุฏูุญุฉโ URL #ุฅุฑู_ูููุฒ #ูุทุฑ #ููุฑูุณ_ููุฑููุง URL	yes	yes	yes	yes	yes	yes	yes
171	โ#ููุฑููุงโ ูุณูุท #ูุทุฑ ูู ุฌุฏูุฏ ูู ูุฎ โุฅูุงูุฉโ ุงูุนูุงูุฉ ุงูุฃุฌูุจูุฉ (ุตูุฑ)  #ุฅุฑู_ูููุฒ #ุงูุฏูุญุฉ #ูุทุงูุจ_ุจุญุธุฑ_ุชุฌูู_ูู_ูุทุฑ   URL	yes	yes	yes	yes	yes	yes	yes
172	#ุนุงุฌู ุจุฑุฆุงุณุฉ #ุฎุงุฏู_ุงูุญุฑููู_ุงูุดุฑูููู .. ุนูุฏ ุงูููุฉ ุงูุงุณุชุซูุงุฆูุฉ ุงูุงูุชุฑุงุถูุฉ ูู #ูุฌููุนุฉ_ุงูุนุดุฑูู ุญูู #ููุฑูุณ_ููุฑููุง ุงููุณุชุฌุฏ (ููููุฏ 19) ุงูุฎููุณ ุงูููุจู. URL #ูุงุณ URL	yes	no	no	no	no	no	yes
173	ุจุฃูุฑ ุฎุงุฏู ุงูุญุฑููู ุงูุดุฑูููู  ููุน ุงูุชุฌูู ููุญุฏ  ูู ุงูุชุดุงุฑ #ููุฑูุณ_ููุฑููุง  ูู ุงูุณุงุนุฉ 7ู ุญุชู ุงูุณุงุนุฉ 6ุต  ููุฏุฉ 21 ููู URL	yes	no	yes	no	no	no	no
174	ุชุบุฑูุฏุฉ ูู ุฐูุจ ุุ ูุนูู ุชุนุชุจุฑ ูุฐุง ุงูููุน ูู ุงูุฃุฎุจุงุฑ ูู ุญุฑุจ ุ ูุนูู ููุงุฉ ุงูุฌุฒูุฑุฉ ุฎูุงู ูขู ุณูุฉ ุฌุงูุณุฉ ุชุญุงุฑุจ ุงูุนุฑุจ ุ ููุฃุณู ูุง ูุงุณุฑ ูุงุจู ุญุซุงูุฉ ูุงุฒูุช ุฐููู ุนูุฏ ุญูุงู ูุงููุง โ ุงูุฃุฑุฏู ุจูุง ูุฑุงูุฉ โ ูููู ุงููุฑุชุฒู ูุซูู ูุงูููู ูุทูู ูุฏุฑ ูุงูููู ุฌูุจู	no	nan	nan	nan	nan	no	no
175	ุจุงูุฃูุณ ุงูุทููุช ุงุจูุงู #ุงูุฅุฎูุงู ูู ูุญุงููุฉ ูุงุฎูุงุก ุงูุฃุฎุจุงุฑ ุงููุชูุงุชุฑุฉ ุนู ุงูููุงุฑ ููุธููุฉ #ุชุฑููุง ุงูุตุญูุฉ ูุชุญูููุง ุฅูู ุจุคุฑุฉ ุณุงุฎูุฉ ููุฑุถ #ููุฑููุง ููู ุชูุถ ุฃูุซุฑ ูู ูกูข ุณุงุนุฉ ุญุชู  ูุฃุชููุง ุฎุจุฑ ุชุญุฑู #ุงูุตูู ูุฅููุงุฐูุง !! ุฃูู ุงูุฌูุงุฒ ุงูุฐู ููุชุดู ูู ุซูุงุซ ุซูุงููุุ ุฃูู ุชุตุฏูุฑ #ุงุฑุฏูุบุงู ู 500 ุฃูู ุฌูุงุฒ ุฅูู ุฃูุฑููุงุุ	no	nan	nan	nan	nan	yes	yes
176	ููุตุฑู ุฃุนูุด ูู #ุงูุณุนูุฏูุฉ ููุฐ ุซูุงุซ ุนููุฏ ุงููููุง ุจูู ุตุฑุงุญุฉ ุจุฃู ุชุนุงูู ุญูููุฉ #ุงูุณุนูุฏูุฉ ุจููุงุฏุฉ #ุฎุงุฏู_ุงูุญุฑููู_ุงูุดุฑูููู ู #ููู_ุงูุนูุฏ ูุน ุฃุฒูุฉ #ููุฑููุง_ุงูุฌุฏูุฏ ุงูุซุฑ ูู ุฑุงุฆุน  ูุณูุฐูุฑ ุงูุชุงุฑูุฎ ุงููุง ุชุนุงููุช ูุน ุงูุฃุฒูู ุจุงูุตู ุณุฑุนุฉ ูุฃุญุชุฑุงููุฉ ูุฃูุงูู ูุตุฑุงุญุฉ ุ ุญูุธ ุงููู #ุงูุณุนูุฏูุฉ_ุงูุนุธูู #ููุฑููุง_ุงูุณุนูุฏูู	no	nan	nan	nan	nan	no	no
177	ูุจู 8 ุฃูุงู ุฑูุฌุช #ุชุฑููุง ูุฎูููุง ูู #ููุฑููุง ููุตูุช ุงูุงุญุชุฑุงุฒุงุช ุงูุณุนูุฏูุฉ ุจุงูุฑุนุจุ ุงูููู ุฃุนููุช ุนู ููุงุฉ 21 ููุงุทู ูุชุฌุงูุฒ ุนุฏุฏ ุงูุฅุตุงุจุงุช 900 ุญุงูุฉุ ููู ุงูุฏููุฉ ุงููุญูุฏุฉ ุงูุชู ูุงู ูููุง ุนุฏุฏ ุงูุฅุตุงุจุงุช 500 ุญุงูุฉ ุจูุง ุฃู ุญุงูุงุช ุดูุงุกุ ูุคุณููู ุงููููุ 10 ุฃูุงู ูุณุชุฐูุจ ุฅูู ูุงุฑุซุฉ ุฅูุณุงููุฉ ูุชูุญู ุจุฅูุทุงููุง ูุฅูุฑุงู.	yes	no	yes	yes	yes	yes	yes
178	ุซูุงุซุฉ ุฃููุฑ ุงุชููุน ูุญุตู ุนูููุง ุฒุจุงุฏุฉ ุงูุงูุชุงุฌ ููู ููููู ุจุฑููู ุงุถุงูู ููู ุฅูุชุงุฌูุง ุงูุณุงุจู ูุทุงุฆุฑุงุช ุงู ูฃูฅ ูุชุฎุตูุจ ุงูููุฑุงูููู ุนูู ุงุฑุถูุงุจุงูุงุถุงูุฉ ุจุชุญููู ููุงุณุจ ุจูููุงุช ุณูุงุณูุฉ ูุชุนุฏุฏุฉ ูู ุญุฑุจ ุงูุญูุซู ูููู ูุทุฑูุงูุฑุงู  ููุงุจู ุงู ูุฎูุถ ุฅูุชุงุฌูุง ูุงุชุช ููุฑููุง ูุฒุงุฏุช ูููููุงููุฉ ููู ุถุงุบุท ุงูุชุตุงุฏู ููุดุบู ุงูุบุฑุจ ุงูุงู	no	nan	nan	nan	nan	no	no
179	ุฅุฐุง ููุช ุชุนุชูุฏ ุฃู ููุงุนุชู ูููุฉ ููุง ุชุฎุดู ูู ุงูุฅุตุงุจุฉ ุจููุฑูุณ #ููุฑููุงุ ุชุฐูุฑ ูุงูุฏูู ูุฃููู ูุฃุญุจุงุจู ูุฃุจูุงุก ูุทูู ุงูุบุงูู ุฃู ุชููู ุณุจุจุงู ูู ููู ุงูุนุฏูู ููู ูุง ุณูุญ ุงููู.  #ูููุง_ูุณุคูู #ุฎูู_ุจุงูุจูุช	no	nan	nan	nan	nan	no	no
180	ูู ุงูููุช ุงูุฐู ุชุชูุญุฏ ููู ุงูุฌููุฏ ุงูุนุงูููุฉ ูููุงุฌูุฉ ูุงูุฑูุณ #ููุฑููุง ุงูุฐู ููุฏุฏ ุงูุนุงูู ุชุฎุฑุฌ ุนูููุง ูุฐู ุงูููุงุฉุจุชุญููู ูููุก ุจุงููุฐุจ ูุงูุฅูุชุฑุงุกุงุช ูุชุตูุฑุงุช ุฎูุงููุฉ ูุง ูุฐุง ุงูุญูุฏ ุงูุฃุณูุฏุงูููุฌูุฏ ูู ูููุจูู ุฃุณุฃู ุงููู ููู ุงูุดูุงุก ูุฃู ุชุฌุฏูุง ุนูุงุฌ ููุฐุง ุงูุญูุฏ ุงูุฐู ุฃุตุจุญ ูุงููุจุงุก ูุฌุชุงุญ ูู ุงูุนุงูููู ุจูุฐู ุงูููุงุฉ	no	nan	nan	nan	nan	yes	yes
181	ุฅุฐุง ูุงู ุณุคุงููู ุนู ุณุจุจ ุงูุงุฑุชูุงุน ููู ุจุณุจุจ ูุฌูุฏ ุฃูุซุฑ ูู ูงู ูุตุงุจ ุญุงูููู ููุฌูุณูุฉ ุงูุชุฑููุฉ ููู ุงูุฃู ุชุญุช ุฑุนุงูุฉ ูุฒุงุฑุฉ ุงูุตุญุฉ ูุนุงูููู ูุนุงููุฉ ุฃุจูุงุก ุงููุทู ุงูุชุฑููุฒ ุนูู #ุงูุณุนูุฏูุฉ ูุนูุณ ูุฏู ุงูุฎุจุซ ูุงูุญูุฏ ุงูุฐู ุจุฏุงุฎููู ุงูุฐู ูุธูุฑ ุฌููุงู ุจูุฐู ุงูุชุบุฑูุฏุฉ ุงูุชู ุชูุซู ุญุงูุชูู ุงูุชู ูุง ุนูุงุฌ ููุง	yes	yes	yes	yes	yes	yes	yes
182	#ููุฑููุง ุฑุงุญุช ุชูุงุจู #ููุฑููุง ๐ู URL	no	nan	nan	nan	nan	no	no
183	ุงูุฃุฎ #ููุตู_ุงููุงุณู ูู ูุงุฒูุช ุชุฑุบุจ ูู ุงูุฐูุงุจ ุฅูู ุจุฑูุทุงููุง ๐ #ููุฑููุง  USERID URL	no	nan	nan	nan	nan	yes	yes
184	ูู ุชุนูู ุจุฃู 33ูช ูู ุงููุตุงุจูู ุจู #ููุฑููุง_ุงูุฌุฏูุฏ ูู ุงูุณุนูุฏูุฉ ุจุณุจุจ ุงูุชูุงุฑุจ ุงูุงุฌุชูุงุนู  ูุณูุงูุชู ููุตุญุฉ ุงููุฌุชูุน ุงุจูู ูู ููุฒูู URL	yes	no	yes	no	no	no	no
185	ุงูุตูู ุงูุฏููุฉ ุงููุญูุฏุฉ ุงูุชู ุฅูุญุณุฑ ูููุง #ููุฑููุง ุจุณุจุจ ุงูุงุฌุฑุงุฆุงุช ุงูุตุงุฑูุฉ ุฃุฑุณูุช ูุฑูู ุทุจู ูุจูุฑ ููุณุงุนุฏุฉ ุงูุทุงููุง. ูู ุงููุคุชูุฑ ุงูุตุญูู ุจูููุงูู ุชุญุฏุซ ุงูุตููููู ุนู ุนุฏุฉ ููุงุท ูุงุฒุงูุช ุชูุชู ุงูุงูุทุงูููู ูุฃูููุง ุงูุชูุงูู ุจุชุทุจูู ุงูุญุฌุฑ ุงูููุฒูู. ุงูุณุนูุฏ ูู ุงุชุนุธ ุจุบูุฑู ..  URL	yes	no	yes	no	no	no	no
186	ุณุคุงู ููุฌููุน   ูู ูุงู ููุงุฌู ุดุฑูุงุช ุงููุฑุฃุนู ูุงูุดุฑูุงุช ุงูุณุนูุฏูุฉ ุงูุฃุฎุฑ   ๐๐ป  ุงูููุทุน ุงูููู ูู ุนุฒ ุฃุฒูุฉ ููุฑููุง   ูู ูุงู ุงููุณุชููุฏ ูู ูุฐุง ุงููุฌูู ุนูู ุงูุดุฑูุงุช ุงูุณุนูุฏูุฉ ุงูุนููุงูู ูููุตูุญุฉ ูู ๐๐ค  #ุนุฒ_ูุงุจูุงุฏ ๐ธ๐ฆ URL	no	nan	nan	nan	nan	yes	yes
187	ููุงุช ุงูููุงู ุงูุชุฑูู ุชููู ุจุงูุงุนุชุฏุงุก ุนูู ูุณุงุก ูุฃุทูุงู ุงูุณูุฏุงู ูู ูุทุงุฑ ุงุณุทูุจูู  โูุฃูุงูุฑ ุงูุฅุนูุงู ูุทุฑ ุจุงูุงูุชูุงุน ูู ุงูุญุฏูุซ ูู ุงูุฃูุฑ.  โูุฐุง ููุฏ ูุตู ุนุฏุฏ ุงููุตุงุจูู ูู ูุงูุฑูุณ #ููุฑููุง ูู ุชุฑููุง ุงูุงูุขู ูููุฐุง ูุงูุช ุงูููุฏ ุจููุน ุงูุณูุฑ ุฃู ุงุณุชูุจุงู ุฃู ุทุงุฆุฑุฉ ูู ุชุฑููุง. #ุถุฑุจ_ุณูุฏุงูููู_ุจูุทุงุฑ_ุชุฑููุง #ุงูุฌุฏ_ุทู URL	yes	yes	yes	yes	yes	yes	yes
188	ูุฒูุฑ ุงูุงุชุตุงูุงุช ูููู ููู: 16 ุฎุฏูุฉ ุจุฑูุฏูุฉ ูู ุฎุฏูุชููโฆ 12 ุชุทุจูู ุชูุตูู ูุณุงุนุฏููโฆ ูู ูููุตูู ุดูุก ูุน ูุฐู ุงูุฎุฏูุงุช ูุงูุชุทุจููุงุชโฆ ุฃุจูู ุขููุงู ูู ููุฒููโฆ ูุงูุชุทุจููุงุช ุชุฎุฏูู๐ #ุงูุฑ_ูููู	yes	no	yes	no	no	no	no
189	ุฑุฌู ุฃูู ููุฌู ูุตูุญุฉ ูุดุจุงู ุฎุฑุฌูุง ูู ุฑุญูุฉ ุจุฑูุฉ ูุชุฌุงูููู ุงูุชุญุฐูุฑุงุช ุงููุชูุฑุฑุฉ. #ููุฑููุง URL	yes	no	yes	no	no	no	no
190	ุฎูุงูุงู ูุทูุจู ุงูุฐู ููู ุนู ุนูู ุตุบูุฑ ุชุฑูุฏ ุงุฌุชูุงุน ุนูู ุทุงููุฉ ููุช #ููุฑููุง ุฅูุง ุฃูู ุฃุณุฃูู ุณุคุงู ููุฐ ุงูููุงุจ ุญูุฏ ุนูู ูุงูุฏู ููู ุนุงู ูุฌูุณ ูุงุฏุฉ ุงูุฎููุฌ ูุนูู ูู ููุนูู ุฐูู ูู ุงูุบุฏุฑ ุฃู ูู ุงูุฎูุงูุฉุ! ูู ูุฌูุณ ูุนูู ููู ูุฌูุณ ูุน ุงูุซุนุงุจูู ููุทูุจ ุงูุณูุงูุฉ!!	no	nan	nan	nan	nan	yes	yes
191	ุจุนุฏ ุฃูู ูู 10 ุฃูุงู ูู ูุฐู ุงูุชุบุฑูุฏุฉ..ุฃููู #ุงุฑุฏูุบุงู ุฎุทุงุจ โุตูุชูโ ููู ูุฎุชุจุฆ ููุงุดุฏ ุดุนุจู ุงูุจูุงุก ูู ููุงุฒููู ูุชู ุงูุฅุนูุงู ุนู 21 ููุงุฉ ุจุณุจุจ #ููุฑููุง ..ูุฐุง ุฌุฒุงุก ุดูุงุชุชูู URL	yes	yes	nan	yes	no	yes	yes
192	ุงุญุตุงุฆูุงุช ููุฑููุง ุงูุนุงูููุฉ ุงูุชู ููุง ูุดุงูุฏูุง ุฎูุงู ุดูุฑ ุงุตุจุญูุง ูุดุงูุฏูุง ุฎูุงู ุงุณุจูุน ููุฐุง ูุงููุณุฑ ุจุงู ุงููุงุฏู ุงุตุนุจ ุนุงูููุงู .. ูู ูุฏุฑู ูุนู ุงููู ุงุฑุงุฏ ุงููุงู ุดุฑ ุงุนุธู ููู .. ูู ูุงุนูููุง ุงูุงู ูู ุงูุชูุงุชู ูุชุทุจูู ุชุนุงููู ุงูุฏููุฉ ุญุฑููุงู ููู ูู ุงุฌู ุญูุงุชูุง ุ ูุฎุทุงุจ ุงูููู โุญูุธู ุงูููโ ููู ุงูุณ ูุงุถุญ ูุตุฑูุญ ุุุ	no	nan	nan	nan	nan	no	no
193	ุฃุดูุฑ ุฅุฎูุงูู ุงูุฎุทุจุงุก ูุงูุฃุฆูุฉ ูุงููุคุฐููู ุจููููุชูุง ุงูุบุงููุฉ ุนูู ุชุทุจูููู ูุงูุฉ ุงูุฅุฌุฑุงุกุงุช ุงูุงุญุชุฑุงุฒูุฉุงูุชู ููุฐุชูุง ุงููุฒุงุฑุฉ ููุงูุจุฉ ูุฌููุฏ ุงูููุงุฏุฉ ุงูุฑุดูุฏุฉ ูู ุงูุชุตุฏู ููุงูุฑูุณ #ููุฑููุง ูุณุชุดุนุฑูู ุจุฐูู ุงููุงุฌุจ ุงูุดุฑุนู ุชุฌุงู ุฏูููู ููุทููู ูููุงุฏุชูู ูุนุธู ุงููุณุฆูููุฉ ูู ุงูุญูุงุธ ุนูู ุตุญุฉ ุงูููุงุทููู ูุงููููููู .	no	nan	nan	nan	nan	no	no
194	#ุฎุงุฏู_ุงูุญุฑููู_ุงูุดุฑูููู : ูุฅุฐ ูุดูุฑ ูู ุงูุฌูุงุช ุนูู ุฌููุฏูุงุ ููุฎุต ุงูุนุงูููู ูู ุงููุฌุงู ุงูุตุญูุ ุฃููุฆู ุงูุฐู ููุฏููู ุฌููุฏุงู ุฌูููุฉู ูููุญุงูุธุฉ ุนูู ุตุญุฉ ุงูููุงุทู ูุงูููููุ ุจุงุฐููู ูููุณูู ูู ููุงุฌูุฉ ูุฐู ุงููุฑุญูุฉ ุงูุฏูููุฉ. #ููุฑููุง #ูููุง_ูุณุคูููู #ุงูููุงุจุฉ_ุงูุนุงูุฉ URL	no	nan	nan	nan	nan	no	no
195	ุณูู #ููู_ุงูุนูุฏ ูุชููู ุงุชุตุงููู ูู ุงููุณุชุดุงุฑุฉ ุงูุฃููุงููุฉ ูุฑุฆูุณ ููุฑูุง ุงูุฌููุจูุฉ ููุญุฏูุซ ุญูู ููุงูุญุฉ ุงูุชุดุงุฑ ูุจุงุก ููุฑููุง ุงููุณุชุฌุฏุ ูุฐูู ุงุณุชููุงูุง ูุงุชุตุงูุงุช ุณุงุจูุฉ ูุน ุฑุคุณุงุก ุนุฏุฏ ูู ุงูุฏูู. URL	yes	no	no	no	no	no	no
196	ูุฒุงุฑุฉ ุงูุชุฌุงุฑุฉ #ุงูุณุนูุฏูุฉ ุชูุทุน ุงูุทุฑูู ุนูู ุนูุงูุฉ ูุงูุฏุฉ ูุงูุช ุชููู ุจูุน 140 ุฃูู ููุงูุฉ ุทุจูุฉ ุจุฃุณุนุงุฑ ูุฑุชูุนุฉ ูู ุงูุณูู ุงูุณูุฏุงุก ุงุณุชุบูุงูุง ูุฃุฒูุฉ #ููุฑููุง URL	yes	no	yes	no	yes	yes	yes
197	ุนุงุฌู ๐ด  .  .  ูุฒูุฑ ุงูุตุญุฉ :   ุจุฏุฃูุง ุจุงุณุชุฎุฏุงู ุนูุงุฌ ุงูููุงุฑูุง ูุนูุงุฌ ุจุนุถ ุงููุตุงุจูู ุจููุฑูุณ ููุฑููุง ูู ุงูููููุฉ . .  . #ุงูุณุนูุฏูู	yes	no	yes	no	no	no	no
198	ุงููุชุญุฏุซ ุจุฅุณู ูุฒุงุฑุฉ ุงูุตุญุฉ:  * ุชุณุฌูู ูกูกูฉ ุฅุตุงุจุฉ ุฌุฏูุฏุฉ ุจููุฑูุณ ููุฑููุง ุงูููู ูุฅุฌูุงูู ุงูุญุงูุงุช ูุตู ุฅูู ูฅูกูก ุญุงูุฉ.   * ูง ูุงุฏููู ูู ุงูุฎุงุฑุฌ * ูงูข ูู ุงูุฌูุณูุฉ ุงูุชุฑููุฉ  * ูคู ุจุณุจุจ ุงููุฎุงูุทุฉ * ุชู ุฅุฌุฑุงุก ูขูฃููู ุงูู ูุญุต ูุฎุจุฑู * ุญุงูุงุช ุงูุชุนุงูู ูกูง ุญุงูุฉ	yes	no	yes	no	no	no	no
